Atlanta United, https://images.mlssoccer.com/image/upload/t_q-best/v1620997957/assets/logos/ATL-Logo-480px.png
Austin FC, https://images.mlssoccer.com/image/upload/t_q-best/v1614970762/assets/logos/15296-austin-logo_dcqfgn.png
CF Montreal, https://images.mlssoccer.com/image/upload/t_q-best/v1668018026/assets/mtl/logos/Montreal-Primary-480x480.png
Charlotte FC, https://images.mlssoccer.com/image/upload/t_q-best/v1634242594/assets/logos/CLT_Logo_480x480v2.png
Chicago Fire, https://images.mlssoccer.com/image/upload/t_q-best/v1633358356/assets/logos/CHI_Logo_480x480-2021-v2.png
Colorado Rapids, https://images.mlssoccer.com/image/upload/t_q-best/v1614970746/assets/logos/436-colorado-logo_yifx69.png
Columbus Crew, https://images.mlssoccer.com/image/upload/t_q-best/v1621373535/assets/logos/CLB-Logo-New-480.png
DC United, https://images.mlssoccer.com/image/upload/t_q-best/v1614970749/assets/logos/1326-dc-united-logo_pwc97q.png
FC Cincinnati, https://images.mlssoccer.com/image/upload/t_q-best/v1620997960/assets/logos/CIN-Logo-480px.png
FC Dallas, https://images.mlssoccer.com/image/upload/t_q-best/v1614970753/assets/logos/1903-fc-dallas-logo_zf5uiy.png
Houston Dynamo, https://images.mlssoccer.com/image/upload/t_q-best/v1614970752/assets/logos/1897-houston-logo_mwdpxd.png
Inter Miami, https://images.mlssoccer.com/image/upload/t_q-best/v1614970761/assets/logos/14880-miami-logo_m0n453.png
LA Galaxy, https://images.mlssoccer.com/image/upload/t_q-best/v1620997961/assets/logos/LA-Logo-480px.png
LAFC, https://images.mlssoccer.com/image/upload/t_q-best/v1620998598/assets/logos/LAFC-Logo-480px.png
Minnesota United, https://images.mlssoccer.com/image/upload/t_q-best/v1614970757/assets/logos/6977-minnesota-logo_tzjlhe.png
Nashville SC, https://images.mlssoccer.com/image/upload/t_q-best/v1614970761/assets/logos/15154-nashville-logo_ldatso.png
New England Revolution, https://images.mlssoccer.com/image/upload/t_q-best/v1639491780/assets/ner/logos/NE-Logo-New-480px-v2.png
New York City FC, https://images.mlssoccer.com/image/upload/t_q-best/v1734711060/assets/logos/NYFC_2060_uwikmr.png
New York Red Bulls, https://images.mlssoccer.com/image/upload/t_q-best/v1614970744/assets/logos/399-ny-red-bulls-logo_o6xw9r.png
Orlando City SC, https://images.mlssoccer.com/image/upload/t_q-best/v1614970757/assets/logos/6900-orlando-logo_tfcjmq.png
Philadelphia Union, https://images.mlssoccer.com/image/upload/t_q-best/v1614970756/assets/logos/5513-philadelphia-logo_ea33hb.png
Portland Timbers, https://images.mlssoccer.com/image/upload/t_q-best/v1626094359/assets/logos/POR-Logo-480px_xh4gvt.png
Real Salt Lake, https://images.mlssoccer.com/image/upload/t_q-best/v1625175977/assets/logos/RSL-Logo-480px_j5pblf.png
San Diego FC, https://images.mlssoccer.com/image/upload/t_q-best/v1702414915/assets/SDFC/SanDiego-logo-480x480_rs6qt0.png
San Jose Earthquakes, https://images.mlssoccer.com/image/upload/t_q-best/v1620997962/assets/logos/SJ-Logo-480px.png
Seattle Sounders FC, https://images.mlssoccer.com/image/upload/t_q-best/v1702319240/assets/sea/logos/SEA2023-Full_Color-480x480_fk6mpu.png
Sporting Kansas City, https://images.mlssoccer.com/image/upload/t_q-best/v1614970745/assets/logos/421-sporting-kc-logo_pyhxo8.png
St. Louis City SC, https://images.mlssoccer.com/image/upload/t_q-best/v1632227611/assets/logos/STL-Logo-800_fxwprk.png
Toronto FC, https://images.mlssoccer.com/image/upload/t_q-best/v1614970755/assets/logos/2077-toronto-fc-logo_gx1gtb.png
Vancouver Whitecaps, https://images.mlssoccer.com/image/upload/t_q-best/v1614970751/assets/logos/1708-vancouver-logo_znac8n.png