PlayerID,FirstName,LastName
nokVxF,Aaronson,Brenden
3Gr5oW,Aaronson,Paxten
3bsHJ5,Ababio,Eddie
99FASA,Abada,Liel
D4Dzri,Abang,Anatole
pJZUYh,Abdallah,Aminu
TOEq8i,Abdul-Salaam,Saad
2qrZkq,Abecasis,Luciano
fC3PEV,Abila,Ramon
WNcw6B,Abram,Luis
2G9oPa,Abu,Mohammed
LGeMOB,Abubakar,Lalas
L3F9hR,Accam,David
Uc7zOV,Acevedo,Nicolas
rvWQj2,Aceves,Alonso
j55wZP,Achara,Ifunanyachi
KR2qnF,Acosta,Bryan
q9M7fQ,Acosta,Danilo
3yiN8K,Acosta,George
KyJScX,Acosta,Kellyn
SYJxQy,Acosta,Luciano
D2BXbk,Adams,Kyle
QcWcao,Adams,Mohammed "Mo"
btKl5g,Adams,Tyler
qxd0lj,Addlery,Nicholas
14Kf39,Adebayo-Smith,Jordan
iRS1kp,Adedokun,Michael
ndxOpf,Adekoya,Seyi
fjiFpL,Adekugbe,Sam
XKdse1,Adekugbe,Samuel
JtVHx7,Adeniran,Samuel
tgG8LU,Adi,Fanendo
uMvPSA,Adjei-Boateng,Bismark
JVln3D,Adjei-Boateng,Nana
1juTlj,Adnan,Ali
qMZWi2,Adu,Freddy
VkfyrL,Adzemian,Vardan
QTQfeo,Affolter,Francois
rNlpJO,Afful,Harrison
Sd3CPm,Afonso,Leo
6Vc0uq,Afrifa,Stephen
U2k4cw,Agada,Willy
BMZ91F,Agbossoumonde,Gale
rkPz1k,Aghedo,London
AvxKdw,Agorsor,Christopher
WGeAkh,Agren,Oskar
hmqTQM,Agudelo,Juan
16fqIL,Aguilar,Abel
9adp5w,Aguilar,Miguel
GsRwD3,Aguilera,Raul
hiqyN8,Aguirre,Daniel
I2JfNC,Agyemang,Patrick
cDNnlL,Ahmed,Ali
0VZrYj,Aias,Matheus
09jr8D,Aird,Fraser
RKWdDW,Aiyegbusi,Olukorede
PlDS26,Aja,Jose
F8jyF7,Ajago,Forster
qYyCmy,Akanyirige,Jacob
tjLJcr,Akapo,Carlos
X075lQ,Aketxe Barrutia,Ager
ct6553,Akindele,Tesho
h0UkXf,Akinmboni,Matai
6iGEK4,Akinola,Ayo
F55CRS,Akloul,Mouloud
1Mhg8o,Akpan,Andre
gyoiVU,Akpunonu,Joey
btTzZf,Alamo,Charles
uW6mvm,Alanis,Oswaldo
k2gTEp,Alas,Jaime
GLa7vF,Alashe,Fatai
YjSshJ,Alba,Jordi
U1ivbJ,Albadawi,Nazmi
xj3rSl,Alberg,Roland
lT1hxi,Albright,Chris
jdA93g,Alcaraz,Johnny
mQEgGV,Alcivar,Jordy
qrDaSX,Alderson,Bryce
VUxBAF,Alessandrini,Romain
b7Hov0,Alex,
72H2pR,Alexander,Eric
EEcgEA,Alexandre,Davi
RWLqRu,Alexandre,Jean
wM9usq,Alexandre Souza e Silva,Caio
Laca5f,Alfaro,Tony
xakikZ,Alhassan,Kalif
TZXKIo,Aliseda,Ignacio
yftAuU,Aliyu,Ibrahim
7vI7xt,Allen,Brandon
o1W5f0,Allen,Ely
sW8hQB,Allen,Jordan
EXqzb8,Allen,Noah
lVX5bR,Allen,RJ
KMJZpr,Allende,Tadeo
KNnrPD,Allsopp,Danny
xM1v5i,Alm,Rasmus
upmumv,Almada,Thiago
TZPL5W,Almiron,Miguel
Ft7ha9,Alonso,Osvaldo
l0BLwL,Alseth,Oyvind
zFev5o,Alston,Kevin
exDZL5,Altidore,Jozy
vYniWe,Alvarado,Alejandro
fETdrd,Alvarado,Alexander
MjgYGm,Alvarado,Sean
lkMdsm,Alvarado,Ventura
hkhSIU,Alvarenga de Oliveira,Matheus
uTdv40,Alvarez,Arturo
dDybVh,Alvarez,Carlos
xzvhgK,Alvarez,Efrain
5d2okM,Alvarez,Favio
lJ8xL5,Alvarez,Fernando
DvAbnA,Alvarez,Pablo
wzbrLB,Alvarez,Yordany
laoINh,Alvbage,John
RmWaIL,Alves Chu Franco,Leonardo
cCrNev,Alves Santos,Antony
VmJ1AD,Alves da Silva,Max
PSfw6K,Amador,Pedro
q1HLj6,Amadou,Daouda
UZCL0T,Amagat,Eloi
1ImO5Z,Amarikwa,Quincy
kUjys6,Amarilla,Luis
4erRyq,Amaya,Frankie
xWyVcm,Ambrose,Mikey
KvGbcX,Amiche,Kemy
Pb3y0z,Ampaipitakwong,Anthony
KUeN9O,Amponsah,Prince
0bTbIs,Amundsen,Malte
4uh4Rf,Anane-Gyasi,Edwin
zvuVKO,Anangono,Juan Luis
DuKbRE,Anchor,Max
swh3zc,Anderson,Markus
jgNQP4,Anderson,Oalex
bP1twF,Anderson,Owen
dR1Jd9,Anderson,Sebastian
pZHmJv,Anding,Don
Od3A96,Andriuskevicius,Vytautas
6wFdNd,Angel,Juan Pablo
wSrCni,Angel,Tomas
5UQYFG,Angevine,Scott
u3EeUH,Angking,Isaac
X9jmkx,Angoua,Benjamin
nfOisx,Angulo,Ivan
efvSXN,Angulo,Jose
Ov0IvA,Angulo,Marco
zF1Ma9,Anibaba,Jalil
aYJyC3,Anor,Bernardo
it7ECT,Ansah,Eugene
epV4KB,Antley,Conner
40bAm9,Antonoglou,Themi
pHxheG,Antuna,Uriel
B86XfU,Antunez,Daniel
X6qAWs,Anunga,Tah
MuBSTc,Apam,Onyekachi
P3slWJ,Aparicio,Manuel
2Fuwla,Appiah,Emmanuel
Y2YMc4,Appiah,Samuel
m3aJg2,Applewhite,Christopher
DAlvbh,Arango,Cristian
yVwNfr,Aranguiz,Pablo
CjMQsK,Araujo,Cesar
ZYbBJF,Araujo,Julian
R9JBSA,Araujo,Luiz
p2Iu1T,Araujo,Miguel
eoj6pF,Araujo Jr.,Paulo
tZO6Sc,Araujo dos Santos,Heber
yBqiyB,Arboleda,Victor
7nkdxl,Arce,Miguel
zcvXza,Ardaiz,Joaquin
nwIyww,Arellano,Hugo
zvmdTS,Aremeyaw,Abasa
QQK2fm,Arena,Anthony
D2NtS0,Arfield,Scott
vyJBzF,Arfsten,Max
y2UFDh,Argudo,Luis
8CAiH4,Arguez,Bryan
OnERZn,Arias,Santiago
4mWiX3,Arias,Sergio
pxBz14,Arigoni,Allan
QeGAae,Aristeguieta,Fernando
Fn2mwZ,Armas,Chris
mPjO7G,Armenteros,Samuel
gntYMu,Armour,Adam
xdL1TD,Armstrong,David
daQzYP,Armstrong,Stuart
i0eEcm,Arnaud,Davy
dPcIuM,Arnoux,Cody
CFJIRk,Arokoyo,Gbenga
zBJa5X,Arreaga,Xavier
FrM9fh,Arregui,Adrian
UK0YLG,Arriaga,Kervin
O7EYPh,Arriaga,Luis
Aob9ER,Arrieta,Christian
oW6Pl1,Arrieta,Jairo
y3zv3m,Arriola,Paul
hI7qce,Arroyave,Jacob
5mXwSk,Arroyo,Dixon
yfr8qe,Arshakyan,David
tRc0oF,Arteaga,Jhonny
rBLVEs,Arvizu,David
AwnCtI,Arzu,Exon
EAexTa,Asad,Yamil
sK7cBl,Ascues,Carlos
64DEwS,Asensio,Carlos
Qv4PCS,Asensio,Charlie
1yJAeK,Ashe,Corey
YXGL8Y,Asomani,George
pdPq6q,Asprilla,Dairon
KYVucE,Assi,Jean-Aniel
BG6x8l,Atanga,Isaac
u74hIo,Atencio,Josh
kb9xbt,Atouba,Yazid
ofP0o5,Attakora,Nana
57ap4f,Attinella,Jeff
ZhzS3e,Atuahene,Francis
mCFV02,Atuesta,Eduard
wk0KNk,Aubrey,Brandon
8qrLjT,Aude,Julian
DAd7l5,Auguste,Charles
k9dLHz,Augusto,Alvaro
J8igRO,Augusto,Raphael
8L72E0,Auro,
UWn1WK,Auvray,Stephane
NEybnL,Avila,Beto
WJyXTm,Avila,Eric
tuVXNJ,Aviles,Tomas
4B38uv,Awaziem,Chidozie
kmOe8q,Awodesu,Femi
cuuBJL,Awuah,Kwame
wBbthZ,Ayala,David
kX41fe,Ayres,Jay
3PQztA,Ayuk,Eric
rQqNXK,Azcona,Edison
IOYyDb,Azira,Michael
29Bz20,Azira,Micheal
2pKSi0,Baah,Gideon
Lb2xZP,Babouli,Mo
Lc5hhz,Baca,Rafael
DORm5z,Bacelar Martins,Talles Magno
tD86Zk,Bacharach,Hugo
NyDscz,Badilla,Gabriel
QLOAL8,Badji,Dominique
5lVVOR,Badwal,Jeevan
Jfliqn,Baiden,Kingsley
fzAkmD,Baiera,Drew
savOUW,Bailey,Zico
5OoHB0,Bair,Thelonius
WUjqCw,Baird,Corey
aYpuVO,Bajamich,Mateo
L7qYrM,Bajraktarevic,Esmir
mmsVnn,Baker,Cody
ZslpYA,Baker-Whiting,Reed
TXyrtZ,Bakero,Jon
iVRIiM,Bakrar,Monsef
D48ImH,Baladez,Bradlee
aWxySb,Balchan,Rich
m0njfL,Baldisimo,Michael
lYszhu,Bale,Gareth
PfTpst,Ballouchy,Mehdi
SmFbEB,Bamba,Jonathan
YYzI6p,Bandre,Ethan
S58Opd,Bangoura,Alhassane "Lass"
6eqaiC,Banner,Michael
0LZ5mW,Baptista,Julio
4uNcO6,Barajas,Fidel
T9O6rX,Baran,Daniel
t9cmvk,Barath,Botond
o4niv4,Barbara,Etienne
GwFnWx,Barber,Grayson
AMIZek,Barco,Esequiel
Wztbd1,Barea,Jesus
dxX8Hf,Baribo,Tai
D0T4Ad,Barklage,Brandon
aPDuPi,Barlow,Jeremy
ERJie0,Barlow,Tom
PLWD1S,Barmby,Jack
0Kr0zx,Barnes,Darrius
iHjYrw,Barnes,Giles
dZY14I,Barnetta,Tranquillo
CzU5DA,Barouch,Orr
bJV2Ff,Barraza,Luis
A0tMtP,Barreal,Alvaro
nCQbB6,Barrera,Leandro
7XjEZG,Barrett,Chad
rdZ55E,Barrett,Wade
HMPyT1,Barrios,Michael
zeFGES,Barros Schelotto,Guillermo
muZsMt,Barroso,Leonardo
8Hwkus,Barry,Hadji
Izx7Gs,Barry,Shawn
gHmwnS,Barson,Chad
nhsWk4,Bartlett,Jacob
vHjI0C,Bartlett,Lucas
lu2UDm,Bartlow,Ethan
Du0LCa,Bassett,Cole
8KyOGg,Bassett,Sam
QL1gtv,Bassi,Amine
EsBn6r,Bassong,Zorhan
G9r4BL,Basuljevic,Arun
a26FjL,Bates,Will
kmAtD4,Batista,Lamar
DeGPJq,Baudet,Julien
Cl8aCU,Bauer,Josh
okMkjZ,Baumgartl,Timo
bE2vOO,Bayiha,Clement
R9elK8,Beasley,DaMarcus
0rg60E,Beasley,Jamar
WfOmj1,Beason,Tanner
7QChFP,Beaudry,Adam
0eK4dK,Beaulieu,Jason
eNG8Td,Beavers,Gavin
ea5MKS,Becher,Simon
isnpAC,Beckeles,Brayan
omghQq,Beckerman,Kyle
aPW2sN,Beckham,David
8zXT1E,Beckie,Drew
qsHnxz,Bedell,Adam
ubFLrk,Bedinelli,Thomas
PDToh6,Bedoya,Alejandro
Jw0hUQ,Bedoya,Daniel
LKIpmL,Beitashour,Steven
DGbG7u,Bekker,Kyle
SgsTVA,Beland-Goyette,Louis
vhIDoc,Bell,Jon
4pdoBW,Bell,Matthew
FB8tbd,Bello,George
WAMBQh,Belmar,Kharlton
eOkESk,Beltran,Tony
pWeXp5,Benalcazar,Nico
xlSfSt,Bender,Ben
bU8vVW,Bender,Jordan
Rf9xAj,Bendik,Joe
iFK3px,Benezet,Nicolas
oJiWp1,Bengston,Jerry
qevj4M,Bengtson,Jerry
vZtUV4,Benitez,Alan
PkMR96,Benitez,Jair
HFMbYu,Benitez,Julio
6WWpl4,Benitez,Miguel
IMkLCs,Benteke,Christian
YdDy4k,Berchimas,Nimfasha
Fq8XHF,Berdecio,Jamir
XRqhCi,Berget,Jo Inge
TeihQP,Berhalter,Gregg
J1FcNS,Berhalter,Sebastian
vHCPTR,Beric,Robert
0cevpB,Bernardello,Hernan
nXdJMC,Bernardeschi,Federico
VUstJU,Bernardez,Victor
yiVXi2,Berner,John
mp6WX6,Bernier,Patrice
lwakCH,Berry,Austin
79tAju,Berry,Miguel
SqMKs8,Bersano,Matt
ERu6lU,Berti,Glauber
zE7avF,Bertone,Leonardo
bkh8cl,Besagno,Nikolas
Vk1t2z,Besler,Matt
iSIrAF,Besler,Nick
N3Da9Q,Bessone,Federico
gUnP8v,Bevan,Myer
zOvVRp,Bezecourt,Vincent
ptDlCN,Bezerra,Victor
KcoBHW,Bibout,Aaron
SZbiw4,Biel,Pep
cE3je0,Bieler,Claudio
Pk1XaN,Biello,Alessandro
MDkDJp,Bikel,Janio
QUMPWc,Billingsley,Noah
KPXT09,Bilyeu,Justin
0Od6b2,Bingham,David
svprcL,Binks,Luis
3HvOcR,Birchall,Chris
UHmRih,Bird,Eric
6uXtX2,Birnbaum,Steve
HUL1xh,Biro,Guilherme
Zk72jU,Bissue,James
8qjLua,Bitolo,Ambroise
yLTJTi,Biuk,Stipe
rSbDSX,Bizama,Jose
aiyiCO,Blackett,Tyler
mFFnzx,Blackman,Jamal
TU9Mcm,Blackmon,Tristan
GOGlZc,Blake,Andre
V7YeIA,Blanco,Cuauhtemoc
jkZIts,Blanco,Sebastian
FeBKOG,Blessing,Latif
j7JnVH,Blom,Njabulo
ToaNup,Blomberg,Johan
JV7u2Y,Blondell,Anthony
ieu0xB,Bloom,Mark
Q4cQAP,Boateng,Emmanuel
qsnC4y,Boatwright,Israel
SHQwlr,Bocanegra,Carlos
UrvO9v,Boden,Luke
VHe13v,Bodily,Blake
gkma7Y,Boehmer,Isaac
NzY9A7,Bogacz,Wiktor
XhlV4C,Boggs,Zak
VlbbYE,Bogusz,Mateusz
QmqirI,Bolanos,Christian
nhtxu2,Bolanos,Luis
DPjjVd,Bolanos,Miller
fI88Yx,Boli,Franck
v61BF3,Boli,Yannick
sma3sg,Bolivar,Jovanny
K63AOB,Bolkan,Scott
fmnoug,Bolma,Josh
jY2OJb,Boltz,Dean
Oc6I4R,Bombino,Luca
zdWtdg,Bombito,Moise
AdtYHT,Bond,Jonathan
zPtRAE,Bone,Corben
eg9vsK,Bonfigli,Emiliano
Om9UZt,Bonilla,Kevin
tdDP9q,Bonilla,Pablo
URjjYo,Bonjour,Fernando
sbhdYg,Bonner,Colin
ve28jZ,Bono,Alex
b04T01,Borchers,Nat
QtxywZ,Borgelin,Shanyder
aGZIxQ,Borja,Carlos
DgUvrh,Borja,Felix
90PTdF,Borman,Danleigh
fdENQo,Bornstein,Jonathan
PvX5ll,Borrajo,Jonathan
HANlMX,Borrero,Dylan
GSCEWA,Borso,Dylan
cKyCgG,Boskovic,Branko
7XmpLE,Boss,Terry
KMOv2W,Boswell,Bobby
UVRotK,Botero,Juan Sebastian
5sJsZL,Bou,Gustavo
BGR3OI,Bouanga,Denis
tb9V1Y,Bouchiba,Elbekay
BdmRm0,Bouda,Ousseni
3LTzih,Boupendza,Aaron
1XvP4k,Bourgeois,Bradley
8oSdN0,Bovalina,Giuseppe
Ex8QZC,Bover,Ruben
l6uaaW,Bowen,Tristan
Q1MetB,Boxall,Michael
Gk8VRs,Boyd,Kris
we5Zpa,Boyd,Tyler
l09yot,Boyens,Andrew
smTW0y,Bradley,Michael
jSVEZl,Brady,Chris
83TRyu,Bran,Alejandro
EDz31S,Brandt,Connor
zgqDNY,Brault-Guillard,Zachary
tk6RyZ,Braun,Frederick
zXNRGY,Braun,Justin
hkJe9p,Bravo,Claudio
1caEYT,Bravo,Federico
sgVBPx,Bravo,Omar
6BTMDl,Braz,Adam
jHUSTi,Brekalo,David
Yxlbwn,Brennan,Jim
nlCGGD,Brennan,Luke
aeewkZ,Bressan,
hawvKX,Brett,Neco
VoqGYh,Brettschneider,Blake
coXnYt,Brewer,Shaft
EdFWkn,Breza,Sebastian
Yd6Dee,Bright,Yannick
2Jt9YX,Brill,Sam
bBYQhb,Brillant,Frederic
UMHSN9,Brilliant,Frederic
OyQHtX,Bristow,Ethan
PHbOF5,Brody,Andrew
pzWJuF,Bronico,Brandt
zq5sME,Brook,Lachlan
4HeQOh,Brooks,Desmond
Q2aRo2,Brovsky,Jeb
5SU9Ci,Brown,Adin
c2Jp9o,Brown,Brian
RACUcK,Brown,C.J.
CNsM7w,Brown,Calle
JrBDt3,Brown,Chris
wXOrTW,Brown,Deshorn
4VUSHE,Brown,Evan
hf3y8P,Brown,Javain
Mfclu7,Brown,Kyle
KQDDVG,Brugman,Gaston
1u8oTK,Bruin,Will
ts0iQL,Brunner,Eric
FLt4x2,Bruseth,Heine Gikling
BH4KYE,Bryce,Kingsley
KwlSP3,Brynhildsen,Ola
myktuY,Bucha,Pavel
TbktAl,Buchanan,Tajon
Da8a3o,Buck,Noel
rZBOUi,Buckmaster,Rece
Me2wwN,Buddle,Edson
yD1125,Bueno,Jesus
SFhj6r,Buescher,Julian
4gR2fP,Bugaj,Dawid
fJcvkU,Bukari,Osman
4Mp9nh,Buksa,Adam
k6k4d1,Bunbury,Teal
v6xzLj,Burch,Marc
0r7pbb,Burciaga,Jose
5hLXAg,Burgess,Nkosi Tafari
QMAys6,Burgos,Efrain
803xDS,Burke,Cory
uPVknV,Burki,Roman
6371md,Burks,Kendall
EirC6j,Burling,Bobby
yM2GFt,Burney,Leo
DqmQSQ,Burns,Kevin
2r5QyV,Burpo,Preston
dr9GHz,Burse,Ray
WLFxNl,Burton,Micah
euEa4S,Busch,Jon
exrQp2,Bush,Evan
G2Cu3i,Busio,Gianluca
HBXWhj,Busquets,Sergio
xyr3Om,Bustamante,Antonio
Ycf6Uf,Bustamante,Michael
0DnY2O,Bustos,Marco
F6fjED,Buttner,Alexander
OvpNlm,Bwana,Handwalla
MordnN,Bye,Brandon
862FmY,Byrne,Bryan
jYKYCB,Byrne,Nathan
pQDb39,Cabezas,Jorge
sJyG5a,Cabezas,Juan
2Jb7Wx,Cabral,Kevin
P0cQsi,Cabral,Remi
stK7CN,Cabral Barbosa,Rafael
XjWsQm,Cabrera,Victor
Go2oSO,Cabrera,Walter
IoVmtM,Caccavale,Salvatore
2l0zLU,Caceres,Martin
5MYMWH,Cadden,Chris
F9viL2,Cadiz,Jhonder
nSFHya,Cahill,Tim
6XPknv,Caicedo,Deiber
8vNlhk,Caicedo,Juan Fernando
GLVYKv,Caicedo,Luis
SnTRgQ,Caig,Tony
ledBXl,Calderon,Diego
J5UFFR,Caldwell,Jeff
W3JRVV,Caldwell,Scott
AwZ7pd,Caldwell,Steven
T9R6Of,Calegari,Lucas Felipe
zaw56g,Califf,Danny
PbR0Yo,Caliskan,Noel
86CwXs,Calistri,Joey
5iAl77,Calle,Javier
Zoh00k,Callender,Drake
FCLazT,Callens,Alexander
zw1ZNJ,Calvert,Caleb
9BG5oY,Calvillo,Eric
rwcQGC,Calvo,Francisco
kMCw1E,Camacho,Rudy
HjpBVG,Camara,Hassoun
wnGCUm,Camargo,Luiz
i9uZNU,Camargo,Miguel
Lh0eUq,Camargo,Sergio
XU0Wla,Cambridge,Brandon
zLyUvt,Cameron,Geoff
4sN2EO,Camp,Blake
dR883T,Campagna,Matteo
irwlvY,Campana,Leonardo
mrTUxi,Campbell,George
nzrvrE,Campbell,Jonathan
ZUjMWx,Campbell,Sergio
BK2oIy,Campos,Diego
rysmvj,Campos,Omar
7IDAov,Campos,Pablo
MJi7Bs,Cancela,Jose
rqhFrK,Cande,Mamadu
fnV74I,Canizalez,Maycoll
Vibnig,Cann,Adrian
8uRSNi,Cannon,Joe
2rRmy1,Cannon,Reggie
6igjsH,Cano,Jordan
H77c1E,Canouse,Russell
vtOwWR,Caraballo,Gustavo
FJGSTK,Caraglio,Milton
JbkYE4,Carballo,Felipe
UMwuLQ,Cardenas,Fernando
ho3ACI,Cardoso,Nathan
02v8sR,Cardozo,Paolo
0pMCnt,Carducci,Marco
2RnZqC,Carleton,Andrew
NdVFKA,Carmona,Carlos
gi1iMe,Carmona,Wikelman
nRNb7D,Carney,David
Vg7m55,Carr,Calen
uuqXZB,Carranza,Julian
ag7iKK,Carrasco,Servando
9gwkxr,Carrasquilla,Adalberto
jla6SN,Carreiro,Fred
aO8bjk,Carrera,Antonio
l8xhzA,Carrizo,Maximo
lVhxgE,Carroll,Brian
2snBnJ,Carroll,Jeff
6fD2Z3,Carroll,Pat
TUZrUt,Cartagena,Wilder
7Zltkc,Casas,Javier
dtkLkk,Cascante,Julio
aARk63,Cascio,Tony
zotGaa,Casey,Conor
ENAAel,Caskey,Alex
Z4Yq1H,Caso,Mike
KICzsY,Casseres,Cristian
ZH7D0t,Castanheira,Dylan
RsJZ4K,Castano,Santiago
jJ8MAH,Castellano,Jesus
v2xpDY,Castellanos,Robert
ckUH1v,Castellanos,Valentin
wf27Le,Castilla,Juan
IwTjtR,Castillion,Geoffrey
lcbunx,Castillo,Dennis
oFAOhv,Castillo,Edgar
PrjpU8,Castillo,Fabian
QbH1Rl,Castillo,Nery
Skyc52,Castrillon,Jaime
rfXZud,Castro,Jacob
tmTsjS,Castro,Manuel
YSlEof,Castro,Mauricio
aYwKRz,Catic,Dzenan
DkvE88,Cato,Cordell
1nxZqL,Cavallini,Lucas
2WT4cw,Cavallo,Nico
P0Se9S,Ceballos,Brayan
A6Jd6u,Cecchini,Emanuel
WpmQaS,Celades,Albert
SRwCmA,Celentano,Roman
qgjWba,Centeno,Erik
n7H5jE,Cepero,Daniel
U9YhSc,Ceren,Darwin
tyOu10,Cermeno,Carlos
i6P8hs,Cerrillo,Edwin
O03hCG,Cesar,Julio
UI1OmJ,Ceus,Steward
U5NhKd,Chabala,Michael
aift6b,Chabala,Mike
3aDqg2,Chacon,Daniel
q0LyLC,Chacon,Thomas
tIkLrP,Chala,Anibal
P059nL,Chambost,Dylan
6d3iWE,Chancalay,Tomas
R33H6C,Chang,Maikel
Z01mz1,Chanot,Maxime
0tAqFI,Chapman,Jay
DcH4r4,Chara,Diego
f1Gzy4,Chara,Yimmi
X5Cd7B,Chaves,Diego
JtdS2a,Chavez,Marvin
P4txon,Che,Justin
YoHVYa,Cheberko,Yevgen
Iuvo7i,Chenkam,Felix
fkUlxI,Cheyrou,Benoit
NKxjWx,Chhetri,Sunil
YUR82O,Chiellini,Giorgio
KWPmrz,Chijindu,Chukwudi
Lo6rxO,Chiles,Kraig
RBdInJ,Ching,Brian
93oLvq,Chinn,Conor
82awxp,Chirgadze,Giorgi
cOXJmm,Chirila,Stefan
iYN3dp,Chirinos,Michaell
THlwZm,Chiumiento,Davide
Owi9DE,Choiniere,David
KhQz5C,Choiniere,Mathieu
q1J2eU,Chol,Machop
3t1V43,Chong Qui,Dominik
WjuWW7,Choupo-Moting,Eric-Maxim
0FLUJS,Christianson,Ian
SWWoxa,Chueca,Carlo
2QZwZB,Chung,Kadin
H2h2fr,Ciani,Michael
dNlq1q,Cichero,Gabriel
5LN5Go,Cifuentes,Jose
EnJSWH,Cilley,Cam
lNhlsE,Ciman,Laurent
Nh47oo,Cimermancic,Markus
SxM1l3,Cirigliano,Ezequiel
anrVMh,Cisneros,Ozzie
LsGP6q,Cisneros,Ronaldo
hn0DA5,Cissoko,Abdoulaye
ZzmBYZ,Clark,Caden
BlxMEg,Clark,Colin
5XNSHu,Clark,Ricardo
PYhfv8,Clark,Steve
zZXCR2,Clarke,Caleb
ft3SXW,Clarke,Rennico
yJk4nu,Claros,Jorge
7XSSIF,Cleveland,Stefan
v03u0L,Cobb,Noah
8Sq9Jy,Coccaro,Matias
GMbx6l,Cochran,AJ
P0bCCq,Cochran,CJ
84JPxe,Cochrane,Greg
giiXrx,Cochrane,Ryan
WRyutX,Cocis,Razvan
UKajuy,Coelho,Nuno
hA58vv,Coello,Alonso
Fodh6x,Cohen,Josh
VxCh75,Colaluca,Nico
AmnYKA,Cole,Ashley
sidhQY,Collier,Elliot
ARfTG1,Collin,Aurelien
B26yrT,Collodi,Michael
pshlyQ,Colman,Cristian
cK6hjh,Colman,Josue
2aeGDA,Colombano,Eloy
NX3qOH,Colvey,Kip
xO0W4G,Colyn,Simon
YGkqt7,Comminges,Miguel
sBgo2J,Conceicao,Anderson
4QtznM,Conde,Wilman
OQwWjh,Conechny,Tomas
JWIucU,Conner,Drew
Y77Xgg,Conrad,Jimmy
vHbXq3,Convey,Bobby
oglwGQ,Conway,Jackson
0JG11E,Conway,Jon
UkBJR8,Cooke,Terry
pdg5gv,Cooper,Armando
qx2mIb,Cooper,Kenny
K7ZVIz,Copetti,Enzo
W33HwB,Corbeanu,Theo
q1Xlnr,Corbo,Gabriele
4ztctv,Corcoran,Matthew
gesGCD,Cordeiro,Ryan
j6nM2m,Cordeiro Pirani,Gabriel
vK3ZTm,Cordon,Oscar
UY9sYC,Cordova,Sergio
G2Lzb3,Coria,Facundo
nsAjgx,Coria,Franco
JWlZ7g,Cornelius,Derek
a63Jor,Corona,Joe
6AvBMX,Coronel,Carlos
uCZ24D,Corozo,Washington
k0HUbs,Corrales,Jorge
nkqKDd,Corrales,Ramiro
TZWxnC,Correa,Andres
kSbhff,Correa,Jose Erik
0Jy055,Correa,Thiago
hZb7mJ,Cortez,Chris
Apzh5e,Corujo,Guzman
lbTspE,Costa,Douglas
pQJ5Oy,Costa,Vitor
I3MEUZ,Costly,Carlo
aAN7Lt,Coudet,Eduardo
WsNjl7,Coulibaly,Sega
QSDRDo,Coundoul,Bouna
amRLsL,Courtois,Laurent
01zk3j,Cowell,Cade
7sZdMC,Cowell,Chance
2B1dds,Cox,Raphael
oRNsc2,Craft,Coy
vI3pK1,Craig,Brandan
uetXJV,Craven,Andy
5VQSro,Crayton,Louis
dwQmnf,Creavalle,Warren
VZLhnk,Creek,Michael
Rzpy85,Cremaschi,Benja
Xq2uLZ,Crepeau,Maxime
aZgAOI,Criscito,Domenico
Afqhix,Crisostomo,Danny
RZiND5,Cristman,Adam
gBqUkW,Crockford,Nate
nsCgOg,Crognale,Alex
LrTdjw,Croizet,Yohan
KzU12h,Cronin,Sam
KAkBi2,Cronin,Steve
FWj7Xu,Crooks,Matt
gvMXGU,Cropper,Cody
kUYBsc,Crowe,Shawn
HSG0lY,Cruz,Allan
FT0g8N,Cruz,Daniel
plAmR6,Cruz,Danny
1vqvNj,Cubas,Andres
Dkxffs,Cudicini,Carlo
F8YlLu,Cuello,Emil
8DEnuY,Cuesta,Yamith
cJ1aFl,Cuevas,Mauricio
wx230h,Cufre,Braian
cSfLaE,Cummings,Harold
H0BrPw,Cummings,Omar
wLStAc,Cunha,Antonio Carlos
YwDUik,Cunliffe,John
oACnsZ,Cunningham,Jeffrey
fAwPr4,Cupps,Christopher
Frh5if,Curfman,Steven
xOokTC,Curtin,Jeff
xqn7Lz,Curtin,Jim
UTPLNk,Cutler,Kenny
qJ5dhG,Cuypers,Hugo
K7DHyI,Cyrus,Daneil
iQFNix,Czichos,Rafael
YrdVwi,Czornomaz,Nicolas
LQsSNE,D'Avilla,Dje
XFVeq8,Da Costa,David
AdZGov,Da Luz,Austin
Hx4eai,Da Silva,Eduardo
naBgRv,Da Silva,Pierre
jsuTU4,Da Silva Cafumana,Manuel Luis
cLiRyW,Dajome,Cristian
sp3cmp,Dalby,Greg
CKh2qm,Dalglish,Paul
DSiDsT,Dally,Rashawn
hhHOuG,Damiani,Bruno
sGKds0,Damm,Jurgen
kJYvOt,Daniel,Keon
WZS5Ba,Daniels,Aidan
b0RoR9,Daniels,Andrew
aiJEMt,Danladi,Abu
eoqzKb,Danso,Mamadou
2hLMIO,Darboe,Bajung
yTGMNa,Datkovic,Toni
hKHjfv,Davidson,Jun Marques
TAgLfS,Davies,Alphonso
SzNPPK,Davies,Charlie
99MxEd,Davies,Kyle
t0dTA8,Davies,Philippe
KQ9I5x,Davino,Dulio
UGt1OB,Davis,Brad
LhAvH9,Davis,Eric
bSDoWT,Davis,Jake
TqpWth,Davis,Justin
hZqcXk,Davis,Sean
nS3dvj,Davis III,Eddy
iDCQJg,Dawkins,Simon
SSYmeq,De John,Alex
UCUAcf,De Jong,Siem
v2ZDAw,De La Fuente,Bryan
3IwaQI,De Oliveira,Denilson
odJOAd,De Rosario,Adisa
uAwh5a,De Villardi,Thomas
ZnxGFT,De Vries,Jack
Koqq1O,DeLaGarza,AJ
EENGVu,DeLeon,Nick
Pth4HS,DeMerit,Jay
oz4Ibj,DePuy,Nick
1McU8k,DeRosario,Dwayne
QuWryw,DeRoux,Stephen
q1YR8W,Dean,Christian
cMRRF2,Dean,Jonathan
45phjA,Defoe,Jermain
efD35g,Degenek,Milos
JRsSHv,Dejaegere,Brecht
Fp7SmW,Dekovic,Matej
q1sKvM,Del Grecco,Nicolas
0OkMJq,DelPiccolo,Paolo
JR2DYl,Delem,Jordy
3qvY9b,Delgado,Dario
CVrvYc,Delgado,Mark
Clxk8J,Delgado,Patrickson
luXodc,Dellavalle,Lorenzo
mCpw6D,Dello-Russo,Michael
uzmG3K,Demidov,Vadim
dDggZp,Dempsey,Clint
X0hKQl,Denkey,Kevin
TudokZ,Denton,Eric
eeXfSq,Deplagne,Mathieu
RMvZRy,Deric,Tyler
qy6mgO,Deshields,Michael
Blf7Fc,Desler,Mikkel
VLBqYA,Deuchar,Kenny
ZPBnKq,Dewsnup,Jeffrey
2jmfRX,Dezart,Joseph
ctkEPV,Dhillon,Justin
Q94plk,Di Vaio,Marco
PLTnrS,DiRaimondo,John
npUEF6,Dia,Amadou
e8BMv5,Diallo,Bradley
UaK7r9,Diallo,Zakaria
zRireD,Diani,Djibril
53qvk0,Diarra,Youba
S3w7gO,Diaz,Jefferson
3TBbxU,Diaz,Luis
ujHoM0,Diaz,Mauro
OwWXrq,Dibassy,Bakaye
90SAqi,Dichio,Daniel
GC2nc6,Dick,Eric
Carvks,Didic,Amer
irYye7,Dielna,Claude
AVZVd5,Dieterich,Tanner
jCykVF,Digao,Rodrigo
TLjav6,Dike,Bright
qiQDfe,Dike,Daryl
1ZYKei,Dimitrov,Stefan
DDNaDS,Diomande,Adama
E8yAGv,Diop,Clement
mzyAr6,Diop,Hamady
7jbQSc,Diop,Ibrahim
EbvvzS,Diouf,Mamadou
Ysw0qL,Diskerud,Mix
Hg3e5c,Dixon,Alex
prXxgM,Diz,Facundo
Guxe0o,Djalo,Yannick
exVgcv,Djeffal,Sofiane
n4P1as,Djekanovic,Srdjan
St8750,Djitte,Moussa
BFV5KK,Dobbelaere,Ethan
uno1DW,Dockal,Borek
XiZaIV,Dodson,Derek
qLIkMt,Doe,Francis
PhjODI,Dominguez,Cecilio
3n8729,Dominguez,Eduardo
S0XZan,Dominguez,Jon Erice
xOablk,Dominguez,Maxime
N77ECM,Dominguez,Roberto
7nJqUN,Donadel,Marco
VfV4nV,Donasiyano,Irakoze
YBq3qj,Donkor,Ronald
3PsYnd,Donovan,Chris
4FF5Kn,Donovan,Conor
x8jkyb,Donovan,Landon
ZKd6DL,Doody,Grayson
7owidh,Doody,Patrick
FD8AFH,Dorman,Andy
TRdy6D,Dorsey,Griffin
ikHVOp,Dos Santos,Gilberto
k3iSkE,Dos Santos,Giovani
6vGhkx,Dos Santos Cazumba,Alex
n80Wf5,Dotson,Hassani
rNLwG5,Doumbia,Ousmane
F2rPau,Doumbia,Souleyman
nrXfRB,Dovale,Toni
5YQJ13,Dowd,Bryan
MqfDK7,Doyle,Conor
Guq5sf,Doyle,Kevin
JawXkV,Dragavon,Ben
YFUU8M,Drame,Issiar
3SnbB8,Dreyer,Anders
U93siy,Driussi,Sebastian
Pn67eU,Driver,Andrew
z85apn,Drogba,Didier
YFvg7t,Duah,Manu
Yp3H27,Dube,Kheli
NhI6Cg,Dube,Mkhokheli
nNfJHS,Dubersarsky,Nicolas
giN8bg,Duckett,Bilal
jcxLVr,Dudar,Emiliano
gKVopf,Duenas,Erik
TTVghi,Dufty,Alec
K5eSuw,Duggan,Morris
h2Q8gK,Duka,Dilly
ZrVySd,Duke,Bryce
wUdjEW,Duke,Cameron
VWS5Ki,Duke,Christian
AhzB5f,Dunbar,Cameron
lmKHWE,Duncan,Kyle
JfncnP,Dunfield,Terry
E7fFBJ,Dunivant,Todd
kFP0xM,Dunk,Reagan
7gI9ew,Dunn,Julian
CkciXk,Dunn,Matthew
QGQyGw,Duran,Andrew
SQgEWp,Duran,Jhon Jader
LchMdT,Durkin,Chris
TpBGwS,Duvall,Chris
KanUoz,Dwyer,Dom
OktQIw,Dyachenko,Rod
xejBdM,Dykstra,Andrew
goITcC,Earle,Otis
cT6La2,Earls,Danny
rru4ss,Earnshaw,Robert
iUXJWz,Ebert,Eric
E3ukys,Ebobisse,Jeremy
zia6Tz,Echeverry,Oscar
ta3egD,Eckersley,Richard
yAHNxT,Edelman,Daniel
FauY5b,Edgar,David
9RIdzr,Edu,Maurice
M8ZgoI,Edward,Edson
LNzhvh,Edwards,Bobby
C95qd2,Edwards,Brian
TZkpqQ,Edwards,Matthew
rDb5cH,Edwards,Michael
DRsH9h,Edwards,Nathaniel
XGUMF0,Edwards,Raheem
BRfXjk,Edwards,Tom
OlgZ9P,Edwards Jr.,Earl
n1QTVV,Egbo,David
rnSrx6,Egbo,Mandela
FJazv6,Eile,Noah
Efpzlt,Eisner,Wilson
xxctkF,Ejimadu,Philip
jKMAZc,Ekk,Maximus
AV1eWg,Ekpo,Emmanuel
qOuhWL,Ekra,Yann
HvSLzs,El Khalifi,Rachid
L1rnm0,El-Mounir,Mohammed
LUjR9U,Elcock,Edson
cdrCwf,Elenio,Cory
6riXSf,Elis,Alberth
5jb93m,Elkinson,Kilian
BFV9Un,Elliot,Simon
xXbNce,Elliott,Jack
HkGreO,Ellis,Kevin
2FFPcC,Elmedkhar,Kalil
9VoeZ8,Elmer,Jonas
qdlPZ1,Eloundou,Charles
CDrlwH,Emeghara,Innocent
QzY4yw,Emilio,Luciano
KQMg7I,Emmings,Fred
jJq5Wr,Emnes,Marvin
bMixTQ,Emory,Logan
vtKL6x,Emory,Steven
omJaZN,Endeley,Herbert
jC2yO5,Endoh,Tsubasa
HDcb35,Eneli,Emeka
e1k6Dm,Engel,Lukas
rHfNvk,Ennali,Lawrence
ySGuv7,Enow,Boris
lbMn3G,Enrique,Ramiro
c8p2HU,Epps,Marcus
p5VwaN,Eriksson,Magnus
PcKcFE,Erpen,Facundo
utOKEH,Escalante,Jose
DakSLu,Escobar,Andres
egkR8r,Escobar,Fidel
r4prtn,Escobar,Franco
xw2FLC,Escobar,Olger
PkUHdU,Escobar,Rolando
spM9ku,Eskandarian,Alecko
OPpaUR,Esparza-Saldana,Adam
oePeIF,Espindola,Edgar
9nVIn4,Espindola,Fabian
O0Tte6,Espinoza,Cristian
F3Jrd2,Espinoza,Jhon
L8Ul2a,Espinoza,Rodolfo
HOb9oQ,Espinoza,Roger
SYuJFn,Essengue,Ascel
W59WI4,Esteves,Lucas
I5NNw1,Estrada,David
6pK7C1,Estrela,Bento
lJWAHx,Estupinan,Victor
BwnFPZ,Etienne Jr.,Derrick
af9M5s,Etim,Monday Bassey
ELeguF,Evans,Brad
AnrmHf,Evans,Steven
2Hr5k5,Eylander,Chris
ANPQk0,Fabian,Marco
QTKJ7L,Fabinho,
BMnFEr,Facchineri,Gianfranco
AFt6hD,Facey,Shay
mE8jQh,Fadal,Ali
5kpuwp,Fagundez,Diego
DmJVZE,Fajardo,Jose
4p5jPn,Falcon,Maximiliano
nnVhIk,Fall,Mamadou
DlduII,Fanni,Rod
2fklH2,Farfan,Gabriel
fBj1qY,Farfan,Marco
QiSxum,Farfan,Michael
i5j4ZE,Farias,Facundo
GPIyE2,Farkarlun,Jimmy
ZiYjbc,Farnsworth,Zack
SiXveh,Farr,Jordan
q6v3Kf,Farrell,Andrew
BG10W3,Farrington,Logan
FzkVN9,Farsi,Mohamed
IqMCiA,Feilhaber,Benny
vCmeRa,Feingold,Ilay
9RXH7h,Felipe,Luis
QD1iJm,Fellinga,Lesly
wVWCDU,Feltscher,Rolf
x94Sjd,Ferdinand,Keesean
tUSY7E,Ferkranus,Marcus
CZYqaO,Fernandes,Gerso
TuJG0z,Fernandes,Leo
o2gYzS,Fernandes,Thiago
JO0m5k,Fernandez,Alvaro
LuqITh,Fernandez,Brian
E6ORRA,Fernandez,Collin
6rFYWQ,Fernandez,Eduardo
U0HnIu,Fernandez,Gaston
XWNPcH,Fernandez,Joaquin
Mt9E91,Fernandez,Julian
bty2Tv,Fernandez,Nick
wjlPBe,Fernandez,Omir
ateztC,Fernandez,Raul
IQLus3,Fernandez,Sebastian
nnL1PJ,Fernando,Luiz
ArKeSB,Ferrari,Gabriel
uEjQkj,Ferrari,Matteo
ZhPXWd,Ferreira,David
CZ6M66,Ferreira,Dejair
zvT1Pw,Ferreira,Jesus
RQBXEp,Ferreira,Marcelo
FuiQFs,Ferreira,Sebastian
po6I6v,Fierro,Carlos
BvuMgK,Figal,Jorge
GV0Wrb,Figueroa,Maynor
Gc0jzk,Filho,Adailton
dGvzvw,Findlay,Stuart
zqED5V,Findley,Robbie
ZmRxhS,Finlay,Ethan
ytfnRs,Finley,Ryan
cantBm,Firmino,Nick
0tPJX4,Fisher,Kyle
O6S409,Fisher,Oniel
ywb5En,Fjeldberg,Jonas
CG42bI,Flach,Leon
Coynyz,Flanagan,Avionne
Mbg7PD,Fletcher,Kristian
KSFhFG,Fleuriau Chateau,Nicolas
DeyRk0,Flood,Gary
2FLEVc,Flores,Andres
h4LhPb,Flores,Danny
JBC8Xh,Flores,Deybi
NJB1Nf,Flores,Edison
cmffew,Flores,Gilberto
p9ZIKl,Flores,Jorge
WKznBt,Floriani,Max
qEjbjf,Fochive,George
WGEBg3,Fodrey,CJ
t2Pehj,Fofana,Mamadou
8C39N8,Fogaca,Nathan
dZqfiw,Folan,Caleb
U5ABt0,Fondy,Matthew
Zzdyuo,Fonseca de Araujo Martins,Pedro Henrique
HSYFP1,Fontana,Anthony
wXlB0K,Fontas,Andreu
mALC23,Forbes,Jahlane
t16uku,Ford,Josh
7d29Ie,Ford,Kortne
p7JnuN,Forko,Willis
yVFTz5,Forsberg,Emil
LK1Qm8,Fortes Chaves,Gabriel
rvqZty,Fortune,Ajani
Yv6hqH,Fory,Jimer
RhLES2,Foster,Isaiah
MlN5HB,Fountas,Taxiarchis
b5S94l,Fragapane,Franco
Hy7MsH,Franchino,Joey
DNkA6U,Francis,Shaun
AHQHUH,Francis,Waylon
4KkhiM,Franco,Alan
zGf6wt,Franco,Alan Steven
LX3KGj,Franco,Guillermo
kCVgJn,Franco,Ivan
HNaMC1,Franco,Marco
I7Ymb4,Franklin,Kobe
3QiQIs,Franklin,Sean
iHGWRZ,Frankowski,Przemyslaw
8EU8aN,Frankowski,Tomasz
uIfB8R,Franks,Floyd
azu3Hn,Fraser,Liam
qLZ1oS,Fray,Ian
NlPOkE,Frederick,Wayne
Y4AcCD,Freeman,Alex
poB2da,Freeman,Hunter
BJjjyN,Freeman,Tyler
Iem4bZ,Freese,Matt
TW1vcD,Frei,Stefan
T0HfDd,Freire,Nicolas
uO9mz0,Frias,Jaime
mTq36C,Friberg,Erik
QwUJEu,Friedman,Ross
EwB3Xf,Friedrich,Arne
dIPESl,Friend,Rob
Z7eCUa,Friesz,Lance
MVzKRf,Frings,Torsten
gj70YJ,Froese,Kianz
AXybkM,Froschauer,Chris
qzoROE,Fry,Malcolm
K5l2wA,Fuchs,Christian
yB2zJO,Fucito,Michael
UcKhCB,Fuenmayor,Alejandro
AkYRuU,Fuentes,Gilbert
g1tvuC,Gabrielsen,Ruben
8nTMma,Gaddis,Raymon
tX5QVc,Gagnon-Lapare,Jeremy
BqR8ej,Gaines,Julian
xMxr4g,Gaines,McKinze
w1VII8,Gaitan,Nicolas
TAEtpD,Gal,Jeff
kOPnwY,Gala,Gabe
oMZLEE,Galindo,Maykel
kmgDb0,Gall,Romain
zND5ui,Gallacher,Tony
43jSPg,Gallagher,Jon
nSQXQS,Gallardo,Erickson
aN3KF8,Gallardo,Marcelo
2hpQx4,Gallego,Bryan
TDHzF7,Gallese,Pedro
mD3qaU,Galvan,Braian
P5jXXk,Gamble,Michael
ZmB2OV,Ganago,Ignatius
iXFdu4,Garay,Jeremy
fyKdS9,Garces,Carlos
OWF5Kd,Garces,Justin
dMfl5b,Garcia,Boniek
F5QfTD,Garcia,Chris
kUkkmY,Garcia,Danny
zJ4Y3u,Garcia,Devron
Usf3Pa,Garcia,Diego
8o1CEY,Garcia,Felix
j8Mib2,Garcia,Irving
zq8PtZ,Garcia,Kevin
MZRKsb,Garcia,Manu
GxCXSs,Garcia,Mender
39qtUo,Garcia,Nick
qNhKDt,Garcia,Olmes
FMTZaC,Garcia,Rafael
Pu2GpH,Garcia,Walter Ariel
WTUoJE,Gardner,Joshua
snuS1Q,Garey,Jason
ylbzxo,Gargan,Dan
yMPOPR,Garrido,Luis
pSvq0W,Garza,Greg
VjS0D1,Garza,Sam
W9Oy0F,Gashi,Shkelzen
pbsU4C,Gaspar,Bruno
knKAcH,Gasper,Chase
iQTszU,Gatt,Joshua
D8f0k4,Gaudet,Derek
oNbHh2,Gaudette,Bill
HoZ82A,Gaul,Bryan
t1uwSL,Gauld,Ryan
JyvW2n,Gaven,Eddie
G70XRQ,Gavin,Blair
fzWGn5,Gavin,Michael
rk7Xqd,Gavran,Luka
47Gge5,Gazdag,Daniel
DL4VsM,Gazdov,Emil
S9emT4,Gbandi,Chris
HEXcjb,Gbandi,Sandy
0fET2p,Gdula,Logan
79h95c,Gehrig,Eric
TavnW1,Gene,Owen
VtOkf4,George,Kevan
dYzxdt,Gerba,Ali
WoDOMg,Gerbet,Joran
hJ8g9F,Germanese,Joe
Rpi1sH,Gerrard,Steven
RIbC1B,Gersbach,Alex
M2zr7A,Ghazal,Aly
rmBMqi,Ghebru,Michael
T0XrFI,Giakoumakis,Georgios
s9VYuI,Gibbs,Cory
SibrdG,Gibbs,Kieran
LrPgZw,Gil,Carles
kBpKoL,Gil,Luis
cNQ7SC,Gil,Nacho
m0WCmK,Gilkerson,John
dyjEdO,Gillingham,Blake
Hcu71w,Gimenez,Gaston
0dbiez,Ginella,Francisco
7uHJHu,Gioacchini,Nicholas
XCYpGj,Giovinco,Sebastian
Lxf6PZ,Giraldo,Tomas
WFjzGm,Girdwood-Reich,Jake
TToOPE,Giro,Victor "PC"
OEKt3O,Giroud,Olivier
qY00r6,Gjengaar,Dennis
1z0Iml,Gjertsen,Joey
Ccrtqk,Glad,Justen
GVQRXX,Glasgow,Omari
j4sIQD,Glavinovich,Ian
yTNj6c,Gleadle,Sam
mt3LC7,Gleeson,Jake
7yzVaF,Glen,Cornell
R4qjCF,Glesnes,Jakob
R9qb3Z,Glinton,Gavin
WlnwDm,Gloster,Chris
JyXhb9,Gloster,Christopher
ZL3HQz,Glover,Caden
Kf0aXy,Godbolt,Aaron John
EPOYlT,Godinho,Marcus
1dWXnK,Godoy,Anibal
Sljk2W,Godoy,Erik
MDbcCc,Gold,Matt
uWOLc9,Goldthwaite,Kevin
LDOeed,Gomes,Caiser Sergio
cDVP5W,Gomes,Fabio
v5pl2Y,Gomez,Alexi
SAy06w,Gomez,Carlos Andres
6We2WH,Gomez,Christian
0bl2kx,Gomez,Diego
EujBt6,Gomez,Emmanuel
MgqXB3,Gomez,Gabriel
PY5j0H,Gomez,Herculez
tmpmeL,Gomez,Shannon
4ZkCOJ,Gomez,Tomas
o3EdJQ,Gomez Andrade,Yeimar
UNQyCT,Gomis,Nicksoen
Tdi0SZ,Goncalves,Diogo
l6q3w5,Goncalves,Jackson
xU49gu,Goncalves,Jose
wvPtDv,Gonzalez,Gaston
XMniqq,Gonzalez,Giancarlo
djkhjR,Gonzalez,Jesse
xZJLUl,Gonzalez,Jonathan
jVirPP,Gonzalez,Jorge
pY3Uwk,Gonzalez,Juan Diego
n9T032,Gonzalez,Leonardo
KTSrOB,Gonzalez,Marcos
cfcybV,Gonzalez,Mario
ijpR7v,Gonzalez,Miguel
nf4NH4,Gonzalez,Nelson
PSKK8C,Gonzalez,Omar
58A7tY,Gonzalez,Santiago
r8qPkK,Gonzalez,Yony
QNcBbs,Gonzalez Pirez,Leandro
UEyv6z,Goodson,Clarence
q7SeYb,Goossens,John
OefgO5,Gordon,Alan
us15aP,Gordon,Ashton
vm5u1P,Gorlitz,Andreas
In0m5s,Goslin,Chris
1BewLl,Gozo,Zavier
t38zxQ,Grabavoy,Ned
cSHrEA,Graczyk,Mike
O9i6Qc,Graham,Taylor
Hva2gm,Graham-Roache,Owen
AadTi5,Grana,Hernan
6TwVvb,Grandsir,Samuel
AmkDsl,Gray,Kelly
ZxbynD,Gray,Tayvon
PTsAvo,Graye,Jordan
ZAuDBM,Grazier,Brian
ZYNPFP,Grazzini,Sebastian
6zmywV,Greene,Jacob
ZWh1c9,Greenspan,Joseph
6Qcol5,Gregersen,Stian
UuJtVX,Gregorio Teixeira,Ruan
pdtosr,Gregus,Jan
D5h6dr,Greig,Kyle
vZvPNB,Grella,Mike
cFBR8U,Grendi,Alex
705d11,Gressel,Julian
tuGaIg,Griffin,Leonard
0lvJVZ,Griffit,Leandre
3fJtdM,Griffiths,Brenton
KNLKYb,Griffiths,Jason
wfTyPB,Grinwis,Adam
Qwv2AH,Gros,Joshua
W05w2y,Grossman,Cole
UE3MdO,Gruenebaum,Andy
h1geS9,Gruezo,Carlos
SbGRSF,Gspurning,Michael
W5OOvF,Guadarrama,Willy
rDdJBP,Guarda,Bruno
M3POBc,Guboglo,Yuri
3rHV4H,Gudino,Raul
o7ANUV,Guediri,Sami
3zneLv,Guerrero,Ivan
sRgqWh,Guevara,Amado
FchukV,Guido,Alejandro
5Evrss,Guillen,Aaron
0w3B9f,Gulbrandsen,Fredrik
jTPhvJ,Gulley,Kellen
zBHS6F,Guppy,Kevin
YKJ6Dk,Guske,Colin
QPgcJa,Gustavson,Michael
Fhu2KB,Gutierrez,Brian
m76EgK,Gutierrez,Cristian
VbyX8j,Gutierrez,Diego
oOzjDT,Gutierrez,Diego
OouviP,Gutierrez,Felipe
XuJZ0n,Gutjahr,Jeremiah
kFpXHv,Gutman,Andrew
3MRZBn,Guvenisik,Sercan
6qYtNb,Guy,Ryan
TSHlD9,Guzan,Brad
tuikQI,Guzman,David
mRzB0Q,Guzman,David
3smMDI,Gyamfi,Stephen Annor
D8CVgY,Gyau,Joe
6rylpv,Haak,Justin
ZrNY2U,Haakenson,Luke
afTL3T,Habarugira,David
bnx9qp,Habibullah,Kamron
WekgEq,Habroune,Taha
WT5xF4,Hack,Alexander
emHXll,Hadebe,Teenage
bp8s4U,Hagen,Nicholas
3GhcBV,Hagglund,Nick
GPuY3G,Hague,Jimmy
VNduhf,Hahnemann,Marcus
X3GN4B,Haile-Selassie,Maren
6aPYx1,Hainault,Andre
775W2n,Hairston,Marlon
zoCbps,Haji,Siad
bhUYUZ,Halbouni,Belal
Hj9gE3,Hall,Frederick
2slPTv,Hall,Jeremy
icr1q7,Hall,Julian
VSjPSE,Hall,Tally
bSacoi,Hall,Tyler
boxibc,Halliday,Michael
DJwOdD,Hallisey,Connor
jKb0KK,Halsey,Bret
ggxjBc,Halsti,Markus
gYBoOh,Hamalainen,Nicholas
SAKHDi,Hamdi,Ahmed
XDuxl4,Hamid,Bill
DntyoL,Hamilton,Anthony
uU9WGm,Hamilton,Jordan
IN8Ww1,Hamilton,Sam
SI6CZM,Hamilton,Wade
MxDIJp,Hansen,Nicolas
XRiTxV,Hansen,Niko
rpVylV,Harden,Ty
Dv4jY2,Harkes,Ian
ExdKPP,Harmse,Kevin
THh91z,Harper,Cameron
qfFgQl,Harriel,Nathan
QBmpPW,Harrington,Michael
LUuj67,Harris,Alex
rkcy9z,Harris,Atiba
PxZG2j,Harris,Calvin
Xsw6rZ,Harris,Wilson
vuW9w2,Harrison,Chase
jKLAAu,Harrison,Jack
tE7pIP,Hartel,Marcel
wlUtW1,Hartman,Kevin
tmCAlx,Harvey,Carlos
7eovZN,Harvey,Jordan
ephAWk,Hasal,Thomas
sxQviM,Hashimoto,Duke
2NbtFd,Hasler,Nicolas
X7lYmb,Hassli,Eric
upKJnC,Hatzke,Matt
T6fWQt,Hatzke,Nick
yiB8d8,Hauche,Guillermo
mf1rZ9,Hawkins,Stuart
Va4xD0,Hayden,John-Michael
KfaaSt,Hayes,Jacori
zEXdnX,Heaps,Jay
TqXnlY,Heath,Harrison
XZJLws,Heavner,Billy
hqAQbH,Hedges,Matt
AJj7ND,Hedrick,Cyprian
EfRMy0,Hegardt,Chris
S8c8tg,Heinemann,Tommy
pLc5YD,Hejduk,Frankie
2OVOQo,Helton,Kyle
bOxAWJ,Hemming,Tyler
ABuOhE,Hendrickson,Ezra
puakCB,Henley,Adam
sFaKav,Henry,Doneil
IZo34K,Henry,Kobi
ctBLME,Henry,Thierry
6fKxXK,Henry-Scott,Malik
1LDgK5,Herbers,Fabian
7qiIIP,Hercegfalvi,Zoltan
lO0tfC,Herivaux,Zachary
C0HR54,Herman,Ryan
02997t,Hernandez,Cristhian
tby9zn,Hernandez,Cucho
ws2HrT,Hernandez,Daniel
ikjREh,Hernandez,Dominick
4fKIl3,Hernandez,Felipe
IcM9bY,Hernandez,Jason
sNLZv7,Hernandez,Javier
DqmmeI,Hernandez,Jose
vBfuEx,Hernandez,Jose Rafael
SHBGxd,Hernandez,Moises
2sAUEd,Hernandez,Nicolas
30Mxao,Hernandez,Pablo
V0zIVU,Hernandez,Ronald
avJo2Z,Herold,Zachary
0mUlF1,Herrera,Aaron
F7z9U4,Herrera,Andres
xJSPr9,Herrera,Hector
2uN6t3,Herrera,Yangel
Plgu1f,Herrick,Doug
BXQAyf,Herron,Andy
UunAJA,Hertzog,Corey
wcMARd,Hesmer,William
ANLE0j,Hezarkhani,Aiden
K7cdAu,Hibbert,Jayden
uu6Mba,Hidalgo,Bode
rNMUXd,Hiebert,Kyle
MTpeDa,Higuain,Federico
FutbuW,Higuain,Gonzalo
bJemQ7,Higuita,Cristian
bLmPwM,Hildebrandt,Mitch
RSXjHa,Hill,Kamani
32JeAF,Hilliard-Arce,Tomas
l1uLWn,Hinds,Nick
ZoXxJI,Hines,Sebastian
yHmc9W,Hines-Ike,Brendan
9kMVBJ,Hinestroza,Marino
TRVORz,Hirsig,Santiago
mfgX8N,Hislop,Shaka
J9RPyz,Hlongwane,Bongokuhle
Wp1n0Q,Hoerner,Kenneth
5vuiJ8,Hoesen,Danny
Zav4vY,Hoffman,Chandler
mGkwtJ,Hoffmann,Ian
3jMrAk,Hogg,Ian
n1bg3k,Hohlbein,Aaron
gfk6WD,Hoilett,Junior
ucE31l,Holden,Stuart
VAM1Bw,Holgersson,Markus
X3RnJc,Holland,Joseph
ejASxH,Holliday,Nick
MFMaNZ,Hollinger,Femi
SN95qD,Hollinger-Janzen,Femi
lqQLml,Hollingshead,Ryan
h5LkLN,Hollingsworth,Marshall
rJT23p,Holm,Odin
jJ6suq,Holmes,Duane
aZHUfa,Holness,Omar
HSnPRv,Holody,Mike
ZJaV65,Holt,Erik
6BmKzb,Hope-Gund,Rio
k6uQlT,Hopeau,Shandon
fwjhxG,Hopkins,Jackson
l5IVnm,Hoppe,Matthew
77OMIY,Hoppenot,Antoine
6GtBxP,Horn,Jannes
GGjuQh,Horst,David
rD4Qin,Horta,Andre
xXkH8U,Horth,Matthew
zQMDQG,Horton,Aaron
tM6NaT,Horton,Charlie
l7bxNC,Horwath,Alex
JUWWHA,Hot,Sacir
sh4HRI,Houapeu,Levi
82UwYQ,Hountondji,Cedric
134Lpr,Howard,Tim
QT2boG,Hoyte,Justin
ecf9DJ,Hscanovics,Raivis
IOjeRm,Huckerby,Darren
8pcdTU,Hughes,Justin
906Y56,Hughes,Keegan
O1sJ1F,Hume,Walker
CVykl1,Hundley,Matt
IdDwFP,Hunou,Adrien
bcXbh9,Hunter,Ben
i8aU36,Hunter,Taylor
5AGSKn,Hurtado,Erik
sh8gvP,Hurtado,Jhon Kennedy
aaYkzT,Husidic,Baggio
JezD68,Hustedt,Jacob
ufSTgV,Hyka,Jahmir
E2kbLh,Hyland,Kyle
Fue89u,Hyndman,Emerson
BUTBOo,Ianni,Patrick
UxWqwg,Iapichino,Dennis
2vu0q7,Ibarra,Franco
xA0fqp,Ibarra,Miguel
ymvDlo,Ibarra,Romario
WvsCPX,Ibeagha,Sebastien
aIkGXD,Ibrahim,Abdus
7SpHUr,Ibrahim,Fuad
pB4gDy,Ibrahim,Sunusi
fnMpsH,Ibrahimovic,Zlatan
O1AVnT,Ibson,
W8LzbC,Igboananike,Kennedy
sCoEOG,Igwe,Amaechi
IVHg8n,Ihemelu,Ugo
Io7quR,Ikangu,Elie
11FVg2,Ikbekeme,James
43QC8L,Ikoba,Tega
lULyQ0,Ilenic,Mitja
582FRl,Iliadis,Ilias
qZrQtS,Ilic,Marko
3d7twm,Illarramendi,Asier
MPYvIW,Iloski,Milan
EhRMzm,Ilsinho,
EDCRiE,Imbongo,Dimitry
iydA8w,Imperiale,Andres
Pkn0yR,In-Beom,Hwang
q3hjBC,Ingvartsen,Marcus
J0Wz5r,Iniguez,Agustin
SHYtLK,Inkoom,Samuel
HXu1ro,Insigne,Lorenzo
ysgHkl,Insua,Emiliano
bjXK36,Iraheta,Marvin
IZuVlf,Iraola,Andoni
cZwTpc,Iro,Andy
INsrCq,Irwin,Clint
Uhg8Jb,Ishizaki,Stefan
7ry73S,Isimat-Mirin,Nicolas
XQ9ZMa,Ivacic,Aljaz
vSXNUB,Ivan,Andreas
ulEJWU,Ivanov,Stanislav
nvbgpA,Ivanschitz,Andreas
Q4LDRn,Iwasa,Cameron
pvFoAY,Iwe,Emmanuel
gF11lD,Jabang,Ousman
RrY4e2,Jackson,AZ
Omo5VP,Jackson,Jacob
h2UqFo,Jackson,Larry
2hHsnQ,Jackson,Niki
GPR9M7,Jackson-Hamel,Anthony
RqXMTP,Jacobson,Andrew
m25I5p,Jacquesson,Bertin
UpMq5g,Jadama,Modou
bJyLGh,Jahn,Adam
7PjOd3,Jaime,Sebastian
ir5UVH,Jakovic,Dejan
dsf8Kf,Jakupovic,Eldin
367Gr3,James,Evan
aPVnfB,James,Ian
h8Kw1N,James,Jordan
IqVBLB,James,Julius
ErD9HV,Jamieson,Bradford
vsEmjA,Jamison,Bryce
MxaQea,Janicki,Greg
97naqU,Jankauskas,Edgaras
9irq3R,Janniere,Joshua
eYAyfA,Janson,Lucas
FBXaHz,Jansson,Robin
6g7v3L,Jaqua,Nate
jKqFLI,Jara,Agustin
XxLjJb,Jara,Franco
5tVqHp,Jara,Leonardo
fHC1KU,Jara,Matias
BmPOh7,Jarju,Mustapha
C40z2E,Jarvis,Aiden
9sQ011,Jassey,Omar
XHT0XH,Jasson,Andres
yQ7DE3,Jazic,Ante
ilq4UV,Jeahze,Mohanad
9ASeF3,Jean,Corentin
RAO0Ce,Jean Jacques,Danley
LEf1li,Jean-Baptiste,Andrew
mQibtl,Jeferson,
KiNRru,Jeffrey,Jared
YRJd4K,Jennings,Cal
Stb1j6,Jensen,Cole
mY1s8p,Jensen,David
GLy5Uf,Jensen,Isak
2heILP,Jeong,Sang-bin
RYxORT,Jesus Lima,Igor
sLwRH4,Jewsbury,Jack
FGNtLv,Jiba,Ryen
OYW4b4,Jimenez,Christian
NVB7f7,Jimenez,Diego
5aivZB,Jimenez,Hector
P043mx,Jimenez,Jesus
iskH5E,Jimenez,Jonathan
GUqRku,Jimenez,Stiven
QnKdWR,Johansen,Eirik
klk25j,Johansson,Adam
cK0Vi9,John,Avery
Qjz8Ot,John,Collins
ZK6djm,John,George
LWgHKn,John,Will
I2VytZ,Johnsen,Bjorn
ek8tIq,Johnson,Carlos
4fFgt3,Johnson,Daniel
xnxM28,Johnson,Eddie
c2Rvzx,Johnson,Eddie
0kA55x,Johnson,Jason
GwWInA,Johnson,Levonte
BHVqIz,Johnson,Ryan
mFmGOw,Johnson,Sam
5nYQQh,Johnson,Sean
EeA8ED,Johnson,Tate
cT8ZnN,Johnson,Will
kKu7TW,Johnston,Alistair
KHZAnJ,Jome,Ismaila
7wAkIb,Jones,Aaron
XZpUE2,Jones,Alvin
k4Fik1,Jones,Cobi
MAApcj,Jones,Darwin
zc3yO5,Jones,DeJuan
oKuQDW,Jones,Derrick
hwNiN6,Jones,Isaiah
icFCfh,Jones,Jermaine
UURJFS,Jones,Joevin
WQDSSf,Jones,Kenwyne
a64eeN,Jones,Malachi
ZkzRkl,Jones,Matt
2tsVJ7,Jones,Mychel
7JWTid,Jones,Nate
6tSVAC,Jones,Scott
ByjqNP,Jordan,Bryan
IS7IoT,Jordan,Greg
oWYEcS,Jorgensen,Mathias
wT40mo,Jorgensen,Mathias
PDvmU0,Joseph,Nane
JDKF0C,Joseph,Peterson
2cLGvG,Joseph,Shalrie
vpbeQs,Josten,George
0eXSXd,Joveljic,Dejan
fdT9Zj,Joy,Ian
fF7cXd,Joya,Benji
79wmUl,Joyce,Ian
tumLVV,Joyner,Mykhi
3COxGY,Jozwiak,Kamil
S8vZ7u,Juarez,Efrain
bGsWtW,Judd,Preston
7ls2V1,Judge,Thomas
nCSTUZ,Judson,
wUbLIQ,Juliao,Igor
goXlWO,Julio,Anderson
EoHHD3,Jumper,Hunter
jQ4Pau,Jung,Ho-yeon
vj3OxX,Junge,Ryan
gzRETw,Jungwirth,Florian
E2NSYY,Juninho,
BxXPF1,Junior,Gilberto
UcYnPf,Junqua,Sam
AFaGLo,Kadrii,Bashkim
Qh1emp,Kafari,Michael
BzEOoG,Kah,Pa Modou
87f2Ll,Kahlina,Kristijan
fduNkL,Kaji,Akira
OCvbCv,Kaka,
iZoZT0,Kaku,
Jc1wl4,Kallman,Brent
1chmpX,Kamara,Alhaji
t8lnZL,Kamara,Kei
NrtQZ3,Kamara,Ola
PG7ink,Kamungo,Bernard
l6cfth,Kandji,Macoumba
k0GAgw,Kann,Alec
QXaCQl,Kantari,Ahmed
SLbMRw,Kapp,Alex
NkIN91,Kappelhof,Johan
u7QOIk,Kaptoum,Wilfrid
TvsJgB,Kara,Ercan
ZMYyf6,Karamoko,Hakim
R16PKX,Karcz,Chris
lksiXm,Kartunen,Andrew
K27jpC,Kashia,Guram
2bYaCi,Kasiguran,Kai
l1Ztao,Kassel,Matt
kvdeNO,Katai,Aleksandar
n9lxkJ,Katranis,Alexandros
v4HR5i,Kavita,Phanuel
fMPF67,Kawulok,Ryan
Ey3Obw,Kaye,Mark-Anthony
iQtoIi,Keane,Robbie
sv6Y6U,Keat,Daniel
dUxZ6M,Keel,Stephen
dMjvcn,Kei,Axel
osbc9Q,Keita,Aboubacar
aBfc0K,Keita,Muhamed
yFwrTr,Keller,Kasey
MWiYqQ,Keller,Kipp
guhJNZ,Kelly,Dane
PxdUc4,Kelly,Jeremy
WetouI,Kelsy,Kevin
Bpyr6V,Kemp,Taylor
0LaHrL,Kempin,Jon
7qnFIC,Kennedy,Dan
AKBaz3,Kent,Ryan
Q2GHki,Kerkvliet,Max
1jmAav,Kerr,Deandre
lg9JeM,Kessler,Henry
iPtNZZ,Ketterer,Logan
0SAbS5,Kettering,Tyler
aaYXtl,Khalfan,Nizar
y5XDLi,Khmiri,Jasser
lf25q7,Khumalo,Thabiso
l4ifOf,Kibunguchy,Nabilai
yM34zU,Kiesewetter,Jerome
K2p7Cz,Kijima,Hosei
YN0b4u,Kikanovic,Benjamin
Qjv4ck,Kim,Joon-hong
RXlwOx,Kim,Kee-hee
PL0cvx,Kimura,Kosuke
dyZbTE,Kinda,Gadi
O8SCSo,Kindle,Kory
TG5zQ1,King,Brendan
kjvYUy,King,Stephen
3NV281,Kinne,Ryan
uJ4u5y,Kinney,Steven
cWBTtL,Kinumbe,Daniel
SFGuqL,Kipre,Jean-Martial
QbI61Y,Kirby,Dustin
JxEfzV,Kirk,Quavas
O4Ij37,Kirovski,Jovan
Zhn7Ru,Kitahara,Sota
VlphVd,Kitchen,Perry
jLckXp,Kizza,Edward
WsVj5z,Kizza,Mustafa
4DVi8V,Klauss de Mello,Joao
Lwt41D,Klazura,Greg
WN8yjT,Kleberson,Jose
sosaIZ,Kleeman,Freddy
rSYhw7,Klein,Chris
i25D2Q,Klein,Johnny
E5weZc,Klenofsky,Eric
CusXcy,Klich,Mateusz
Dn5fEa,Klimala,Patryk
x38TfP,Klinsmann,Jonathan
pUiOwO,Kljestan,Gordon
eLSlFF,Kljestan,Sacha
UoDbvi,Klute,Chris
AiYSce,Kmet,Matus
uaDmAH,Knight,Wes
ORycpN,Knight,Zat
JZ0Sxb,Knighton,Brad
zs5448,Knutsen,Billy
t6Bh82,Kobayashi,Daigo
AHPPza,Kocevski,Jeorgio
RYDXh1,Kocic,Milos
Ujnpfw,Koevermans,Danny
qw9wX2,Koffi,Jean-Christophe
DWlT3e,Koffie,Gershon
6Uw9XT,Koger,Alan
dlqZl0,Kolmanic,Zan
1MSEps,Kone,Ismael
ruNsaX,Konopka,Chris
nRVTGc,Korb,Chris
jYKR59,Korca,Amet
Aw4Git,Koreniuk,Kai
vaquzH,Koroma,Ibrahim
ygoKuV,Kortkamp,Jack
bfXPAo,Kossa-Rienzi,Kalani
3offEz,Kotschau,Ritchie
TayqOF,Kouame,Rominigue
SS1tTB,Kouassi,Xavier
0vKkKt,Kounenakis,Nick
EDjjI6,Koutsias,Georgios
2FrpNK,Kovacevic,Franko
nRPYBM,Koval,JJ
rsGYQ7,Kovalenko,Dema
zMxiVf,Kovar,Aaron
PIqcaG,Kowalczyk,Sebastian
1cL44d,Kpene,Guy
k5jk9i,Krastev,Filip
0fLG6y,Kratz,Kevin
Xfi9jG,Kraus,Michael
SCJOKj,Kreilach,Damir
F4XO0D,Krkic,Bojan
eQKq6X,Krol,Krzystof
WiQDqv,Krol,Krzysztof
8tUHcP,Krolicki,Ken
ycLPHc,Kronberg,Eric
gfSOBj,Kronholm,Kenneth
VUIs8F,Krupnik,Leonid
SoiOQv,Kryvtsov,Sergiy
W6GS6G,Ku-DiPietro,Theodore
lQM0bb,Kubo,Yuya
ksbn2w,Kudo,Masato
Lma09Z,Kumado,Willy
y9djIo,Kunga,Lagos
REgUMw,Kutler,Ethan
wMcuxp,Kuzain,Wan
w5PwbP,Kwarasey,Adam
xMqpMN,Kwizera,Jojea
8VER76,LaBauex,Ross
0gcN4s,LaBrocca,Nick
biebyR,LaCava,Jake
RWs1sT,LaGrassa,Matt
GHAwwG,Laba,Matias
M0wRop,Laborda,Mathias
GqC5tx,Lade,Connor
QmVaVE,Lahoud,Michael
dnfhTS,Lamah,Roland
R6LAHa,Lambe,Reggie
NggwS3,Lambert,Kevon
QMWeqV,Lambo,Josh
8tbdE7,Lameira,Valdomiro
1ws2Ta,Lampard,Frank
SPjadZ,Lampson,Matt
lAYqej,Lancaster,Cameron
MP0k7q,Lancos,Chris
PSZxHK,Landin,Luis Angel
LZGGqh,Langoni,Luca
Bhc6Ey,Langsdorf,Foster
KdAIIk,Lapkes,Stanislav
58ZNLL,Lappalainen,Lassi
miLvDD,Larentowicz,Jeff
Jh3OXQ,Larin,Cyle
UuubL7,Larraz,Oliver
A2fEsO,Larrea,Gorka
BlWTft,Larsen,Emil
Ce83Be,Laryea,Richie
oH7Fxd,Las,Damian
mArhhE,Lassiter,Ariel
CHQQJV,Lassiter,Tyler
Gomcdk,Lasso,Forrest
oApXE1,Latigue,Gabe
QGVW4h,Latinovich,Vukashin
13lcYk,Latte Lath,Emmanuel
klPZul,Laventure,Jerrod
8ZvqV5,Lawrence,Kemar
IuYwLI,Le Toux,Sebastien
5gStrH,LeFlore,Isaiah
uzimR7,Leal,Randall
ofjfl1,Leathers,Jonathan
WazSEp,Lechner,Florian
BTh8Qx,Ledesma,Emmanuel
d7JVaD,Ledezma,Richard
NOnG0p,Lee,Alex
ZtdPln,Leerdam,Kelvin
kykQw2,Lefevre,Wandrille
dJaZbt,Leibold,Tim
fmtLb7,Leitch,Chris
bvatOF,Leiton,Jose
3xrJRU,Lekic,Radivoje
aC6dXf,Lema,Chris
nEu5m4,Lemoine,Nico
WauqOS,Lenhart,Steven
1nJPWi,Lennon,Brooks
bW2Clc,Leonard,Marshall
l1paS1,Leone,Tony
Nu3quC,Lepley,Tucker
awSCd3,Leroux,Beau
9lZxgo,Lev-Ari,Sagi
zHg5u5,Leveron,Johnny
vyqyGV,Levesque,Roger
TPitin,Levis,Brett
O0M9Tl,Lewis,Andre
n4MP33,Lewis,Eddie
8RnJ74,Lewis,Jonathan
L7ZpYs,Lewis,Luca
yj3JTK,Lewis,Zeiko
XXlE4k,Leyva,Bryan
FPiKCx,Leyva,Danny
e8ukgN,Lillard,Grant
9wvHjQ,Lillingston,Eduardo
z0ZpHb,Lima,Francisco
f7rRzt,Lima,Nick
gDCHhi,Linck,Roberto
lWS8Eh,Lindley,Cam
LxP3tp,Lindpere,Joel
6e7A5I,Lindsay,Nicholas
5AivxT,Lindsey,Jaylin
nKd6rU,Lingr,Ondrej
b0bGNU,Lisch,Michael
Ts2dyu,Lizarazo,Carlos
pyl5Xm,Ljungberg,Fredrik
5x3CU4,Llamosa,Carlos
pg31eY,Lletget,Sebastian
jzRpy8,Lloris,Hugo
Ss9ezO,Loba,Ake
uLptgx,Lobato,Cristian
8qseAK,Lobjanidze,Saba
cERynK,Locadia,Jurgen
nnZTGF,Lochhead,Tony
OLIavz,Lod,Robin
NQws6p,Lodeiro,Nicolas
kyq2MP,Loera,David
4BEaUO,Loewy,Otto
WSa7c8,Loffelsend,Jasper
DyJPVf,Loftus,Chris
C4pCXq,Lombardo,Andrea
Z33fQJ,Long,Aaron
3KsqjK,Long,Kevin
a8mbRq,Longmire,Ahmed
lj8kGm,Longstaff,Matty
4jclmM,Lopes,David Junior
ZA3z3F,Lopez,Alexander
kDTOl2,Lopez,Benjamin
HZHrAe,Lopez,Claudio
sUAFna,Lopez,Eric
S86gzM,Lopez,Hernan
cHoWNY,Lopez,Luis
yqVFTI,Lopez,Marcos
tF7oxX,Lopez,Miguel
vw8gnZ,Lopez,Mikey
Ch0tfo,Lopez,Porfirio
p3hShM,Lopez,Rodrigo
yPOA9e,Lopez Ramirez,Javier
x88v7K,Lopez Samaniego,Erik
wZDdFr,Lopez-Espin,Ricky
aOJ0v9,Lorenz,Scott
HVFSYT,Loria,Marvin
dtgoTz,Loturi,Victor
JGtXiW,Louro,Evan
mUvFDU,Lovejoy,Rob
MKnnK5,Lovitz,Daniel
FOzfy7,Lowe,Damion
dslMuG,Lowen,Eduard
5GrDTc,Lowery,Amir
VEnJ6p,Lowry,Peter
VjLFqy,Loyd,Zach
5EbrMy,Loyola,Favian
XzpbyX,Lozano,Armando
59FqNi,Lozano,Hirving
V7NQR2,Lucas Cardoso dos Santos,Rafael
ZBXED5,Lucatero,Christian
N3wWsk,Luccin,Peter
oMDf7e,Luiz,Everton
L7jBUP,Luiz Moreira,Andre
eEQWvm,Lujan,Gonzalo
QM8zqg,Lukic,Jovan
IqCpBh,Lumley,Stephen
UJbUUq,Luna,Diego
0ajRtu,Luna,Ruben
v3z0ID,Lund,Philip
fRlAds,Lundgaard,Ben
n0M3p3,Lundkvist,Adam
UaB5Yl,Lundqvist,Adam
IMvNa1,Lundt,Ben
kQhBDf,Luquinhas,
pBoOud,Luyindula,Peguy
sfntbt,Luzunaris,Matt
iqvzLI,Lynn,Jack
Egje6n,Lyon,Charlie
JXH3wT,M'Buta,Matthew
TEK7lB,Mabiala,Larrys
moHwug,Mabika,Aime
1uoDcO,Mabwati,Cedrick
tbEp6R,MacDonald,Sherjill
l5niea,MacKenzie,Liam
VqFWEL,MacMath,Zac
q7FtBi,MacNaughton,Lukas
Nfhn7w,Machado,Adolfo
sdQAOg,Machado,Cristhian
MmC18J,Maciel,Emanuel
5IpovV,Maciel Felix,Lucas
8vcOme,Mackay-Steven,Gary
3NuoHO,Mafla,Christian
2iFscu,Maganto,Ignacio
p2n3JH,Magee,Mike
BCilxo,Maher,Jack
R68DXM,Maidana,Cristian
AUMwW3,Mailula,Cassius
IzDHZu,Makhanya,Olwethu
xnlkY1,Makoun,Christian
uYV1M8,Makubuya,Keith
USFtZe,Malanda,Adilson
DOFqDs,Maldonado,Denil
FwBfHQ,Maldonado,Giancarlo
PHvCDq,Malki,George
gQ9pJJ,Mallace,Calum
3zmf8p,Maloney,Connor
ajuR8g,Mancienne,Michael
VwYH2H,Mancini,Andrea
u7ULSG,Mancosu,Matteo
upypkr,Manley,Carter
0RUVdi,Manneh,Kekuta
wzftES,Mannella,Chris
bNohH5,Manning,Anthony
4FUJPE,Mannone,Vito
KqfaFl,Manoel,Elias
1v93W0,Manotas,Mauro
EAFUNN,Mansally,Kenny
DDgPHg,Mansaray,Victor
JrpLbI,Mantilla,Matias
IZvXE5,Manzonelli,Brandon
FqZTW8,Mapp,Justin
0CIzYc,Marcelin,James
tXNgqg,Marcinkowski,JT
amfmjV,Marcucci,AJ
OFEsoK,Marczuk,Dominik
iy7dDg,Maric,Marko
kwB1rY,Maric,Marko
ztf4bI,Marie,Paul
7OCQuv,Marinelli,Carlos
GappWh,Marinovic,Stefan
DmaHrR,Markanich,Anthony
RzIcn3,Markanich,Nicholas
p4Z9sZ,Markovic,Neven
JQDrzI,Marks,George
YtZU6Y,Marmol,Lidor
xSwlh8,Marosevic,Peri
wPNRt1,Marques,Bruno
RZGU7r,Marques,Mikael
PuSnVT,Marquess,Matt
owZPLI,Marquez,Omar
SNIQKf,Marquez,Rafael
wKYuWE,Marquez,Richard
JRH60F,Marsch,Jesse
MyK66c,Marscheider,Erich
fkyMuW,Marshall,Chad
5uXGrz,Marshall,Tyrone
H0ExTF,Marshall,Yohance
WixqYt,Marshall-Rutty,Jahkeele
E1vSM3,Marsman,Nick
wLDdFD,Martin,Collin
CTcgx2,Martin,Jose
u75R2c,Martina,Javier
YaMogq,Martinez,Alonso
HkLSx3,Martinez,Cristian
8Jp2nG,Martinez,David
kj7uy3,Martinez,David
PKXwG0,Martinez,Diego
g2lLE1,Martinez,Doug
FAC7i3,Martinez,Enzo
MYPGKN,Martinez,Gonzalo
uoNafj,Martinez,Jose
aMsIuv,Martinez,Jose Antonio
pxPEWY,Martinez,Josef
ieX5y2,Martinez,Josue
pKQpsS,Martinez,Juan Manuel
GTC98A,Martinez,Mario
RpxM22,Martinez,Miguel "Mista"
cR4IAV,Martinez,Pity
BJn3b7,Martinez,Tomas
W5wr2q,Martinez,Walter
O69VjF,Martino,Ben
q8baNS,Martino,Kyle
6asVQX,Martins,Felipe
UtMtV5,Martins,Luis
8fW2AH,Martins,Obafemi
FvXpYN,Martins,Thiago
HrZjRd,Martins Peglow,Joao Gabriel
NMPSFd,Mas,Emmanuel
u6rSBz,Mastroeni,Pablo
gIQStN,Matan,Alexandru
tQFynR,Matarrita,Ronald
Eiwa4X,Mateos,David
Oo34Su,Mathers,Zach
Mqacn8,Mathis,Clint
EO5Ad0,Mattocks,Darren
Nzkzko,Matuidi,Blaise
CJzUoQ,Maund,Aaron
AcehZZ,Maurer,Jimmy
8EjL6P,Mauri,Jose
YPmZO8,Mavinga,Chris
FF8FCB,Maxso,Andreas
o7ThBp,Mayaka,Philip
fXtXDG,Mayen,Gerson
AXDv1y,Mbaizo,Olivier
GfTnn8,Mbolhi,Rais
0czVuX,Mbongue,Hugo
plRJl9,McBean,Jack
tcrJ3Y,McBride,Brian
e5TA0r,McCabe,Tommy
VqMEDN,McCann,Chris
w2UTtX,McCarthy,John
g4qaDy,McCarthy,Stephen
AoIqKL,McCarty,Dax
tF8tsF,McCarty,Dustin
ZGIjH2,McCrary,Jordan
FeeKHL,McCue,Erik
yUiqjy,McDonald,Brandon
LJ0heP,McDonough,Brendan
8KRQbt,McFadden,Aiden
xFi6wf,McFarlane,Christian
zpqry4,McGlynn,Jack
ZJdWmZ,McGlynn,Peter
7Yk4mG,McGraw,Zac
keuWlX,McGuire,Duncan
r5yUuQ,McGuire,Jake
n2lolR,McInerney,Jack
9vZhG2,McIntosh,Damario
Yw0oBW,McIntosh,Kendall
c3sU8G,McKendry,Ben
ZoRefi,McKenzie,Mark
0IIgX9,McKenzie,Rauwshan
6JTknk,McLain,Patrick
hc5XRQ,McLaughlin,Jimmy
e2c9ix,McLaws,Shawn
eGiU2V,McLoughlin,Ellis
dY6XQG,McMahen,Ryan
FScjnf,McManus,Tom
Et7vVV,McMaster,Justin
eJRg23,McNair,Paddy
9KaFZf,McNamara,Tommy
3tANYS,McNeill,Quinn
mcVfqS,McTavish,Devon
rqyT0b,McVey,Chris
TkgMsO,Mcgree,Riley
Ixg6qR,Meara,Ryan
faozV6,Mears,Tyrone
IwqoAS,Mechack,Jerome
c3jEi9,Mediate,Domenic
1UkKMp,Medina,Cruz
guEodg,Medina,Jesus
GCc1Wt,Medran,Alvaro
2D7PJ9,Medranda,Jimmy
gFEQxy,Medunjanin,Haris
d9Wss4,Megiolaro,Phelipe
clQi4j,Mehmeti,Adri
OaEdxW,Meilleur-Giguere,Thomas
CH6ZRh,Meira,Joao
RqHbBg,Mejia,Edgar
2q5Wrk,Melano,Lucas
l9Eth4,Melia,Tim
AntvzW,Melo,Joey
zo4JVr,Melvin,Sean
lESesg,Mena,Jefferson
NTTc4Y,Mendes,Carlos
DKegl0,Mendez,Jhegson Sebastian
DCAOs6,Mendiola,Raul
vtEGR9,Mendoza,Andres
Gv4y6M,Mendoza,Edwyn
10wWVk,Mendoza,Francisco
D1TqN1,Mendoza,Stiven
MJjBP9,Menendez,Jonathan
lyV4Fg,Mensah,Jonathan
BuFges,Mera,German
eZXJVs,Meram,Justin
nfIfpd,Mercado,Carlos
kLKxJx,Meredith,Bryan
KvFyUX,Merlin,Laurent
V6SSWC,Mesanvi,Loic
f5LSPK,Messi,Lionel
CbOMGX,Messoudi,Zakaria
lw8IIo,Metanire,Romain
oolhJZ,Metcalfe,Patrick
OaP0Ji,Metzger,Dan
NGSlhO,Meyer,Tommy
jcFGuq,Meyer,William
GkymGm,Meyer,Wyatt
41Y6hL,Meza,Fernando
z9vUUj,Mezquida,Nicolas
lQm8wI,Mfeka,Lindo
FIOEDf,Miazga,Matt
S8wWFO,Michel,Benji
77gTXx,Micovic,Novak
rcwVSu,Mighten,Alex
iWudVg,Miglioranzi,Stefani
MQf0Yg,Mihailovic,Djordje
8lIhZM,Mijatovic,Jovan
CNckIc,Mikulic,Josip
6PHOUh,Milinkovic,David
i3kLu4,Miljevic,Matko
nFvtBP,Miller,Eric
YNdXOw,Miller,Harbor
h0detA,Miller,Jansen
tIUIXx,Miller,Kamal
N04iLW,Miller,Kenny
Lo5FRk,Miller,Kyle
auH7mg,Miller,Peyton
MoAwKE,Miller,Roy
8Os77v,Miller,Ryan
qeNGEl,Miller,Tyler
tolHwJ,Mina,Juan
bG7pU2,Mina,Roberto
3Tj86o,Mina Nazarit,Miguel
HZshSw,Minda,Oswaldo
EgpZLb,Mines,Ben
GUI1xO,Minoungou,Georgi
v8TvFa,Mior,Joao Paulo
CFPtG6,Miranchuk,Aleksey
bbdfQI,Miranda,Bruno
l0PT85,Miranda,Leonel
tqsKFY,Miranda,Sebastian
ElK6xX,Mirosevic,Milovan
FSbYxe,Miscic,Selmir
JWysKZ,Mishu,Luke
3hZK0P,Missimo,Cole
QWUtxo,Mitchell,Carlyle
FSNzHc,Mitchell,Roald
H4vl8I,Mitchell,Trey
OlvjJb,Mitrita,Alexandru
zDtID1,Mizell,Cody
qkli6Q,Mlinar Delamea,Antonio
FuDjl8,Moffat,Adam
rQ5T1W,Mohamed,Abdi
rRJcQi,Mohammed,Shak
FPjm0x,Moimbe,Wilfried
fMYK9i,Moisa,Luca
qy94i0,Mokhtar,Youness
a5i1vK,Mokotjo,Kamohelo
pvfrfm,Molina,Malachi
wdcAL2,Molino,Kevin
spU7Nu,Moloi,Mpho
aVnsQ0,Mondaini,Marcos
A78DUk,Mondragon,Faryd
p28vYc,Monis,Alex
e3C87p,Monlouis,Zane
H9UNos,Monsalve,David
5UZxdf,Montali,Francesco
B20ZvR,Montano,Miguel
wMYNhx,Monteiro,Jamiro
gezYh0,Monteiro,Jerson
Ltq1me,Montero,Fredy
31OHCW,Montgomery,Callum
ypMb94,Monzon,Lucas
2vZIaI,Moon-Hwan,Kim
922kp5,Moor,Drew
NtTXF7,Moore,Brendan
mO4QBB,Moore,Luke
CpdcXE,Moore,Shaq
2GIJj3,Moose,Justin
t7BYap,Mora,Felipe
w56RRf,Mora,Joseph
7NRAI1,Morales,Alfredo
1OJbyC,Morales,Efrain
CbbgNi,Morales,Javier
BX8sVX,Morales,Julio
svC3z8,Morales,Marcelo
ei7uwB,Morales,Pedro
uwPQzO,Morales,Santiago
i6RBJe,Moralez,Maxi
zfCYXa,Moreira,Jorge
7fUoAF,Moreira,Steven
34M9cF,Moreno,Alejandro
FXL4fQ,Moreno,Amando
LE9vcb,Moreno,Jaime
8MdTqq,Moreno,Junior
IaiuF5,Moreno,Marcelino
59jtgX,Moreno,Santiago
nADVT5,Morfaw,Alexandre
mQy7yX,Morgan,Ashtone
Dji50y,Morgan,Lewis
Lg6DN8,Morrell,Alex
mN2WtK,Morris,Aidan
oS5eeO,Morris,Jake
2L0Fvv,Morris,Jordan
tVGkZK,Morrison,Ravel
cWXxmj,Morrow,Justin
JkMy8u,Morsink,Kurt
4w0o3e,Morton,Kyle
VUUTgD,Moschen Benetti,Ramiro
P9f6k8,Mosquera,Edwin
nmKGYF,Mosquera,Hanyer
7o4keP,Mosquera,Juan
rVBbnP,Mosquera,Santiago
1BLqL4,Mosquera,Yerson
dcC9DX,Moss,Brandon
dzr9vY,Mota,Jean
x3vnLY,Moutinho,Joao
aMX4ru,Movsisyan,Yura
ua8H3S,Mrowka,Cole
78Dpi5,Mueller,Chris
up30uj,Mukhtar,Hany
EiBOdR,Mukumbilwa,Georges
av7t9u,Mulato,Jose
fUVicr,Mulgrew,Timothy
rGb1J8,Mulholland,Luke
cgA1zf,Mullan,Brian
lN1Yyl,Muller,Luis
snGIIr,Muller,Tommy
AEcWrO,Mullins,Patrick
YL19Fo,Mulraney,Jake
XQtrlL,Mulrooney,Richard
vUNH3k,Munie,Daniel
nz2qil,Muniz,Nico
6i8TA6,Munjoma,Eddie
an7mKd,Munoz,Mike
QtqFPs,Munoz,Santiago
SYrZXM,Munoz,Victor
oJkPQ2,Mupier,Mira
8l4Rv7,Murana,Mujeeb
72yoWu,Muriel,Luis
BlhAMc,Murillo,Jesus
4LGz2X,Murillo,Michael
4gn1yA,Murphy,Ian
7dfw4z,Murphy,James
Rt4uDB,Murray,Max
xgAzEN,Murray,Tim
03Or2n,Murrell,Jacob
twmEqr,Musa,James
EmedQk,Musa,Petar
oRS8zj,Muse,Trey
cgzEga,Musovski,Danny
5o9y6H,Mustivar,Soni
zd9jsH,Musto,Tommy
48Mp0Y,Mutch,Jordon
8cmz8u,Muyl,Alex
jHPTZb,Muyumba,Tristan
nMDe83,Mwanga,Danny
ngXTKE,Myers,Chance
tXuxbD,Myers,Justin
yrEac7,Myrie,Dave
xNjzrZ,N'Silu,Ange
YkB1Hf,Naess,Nicolai
Fdvr34,Nagamura,Paulo
RshFkO,Nagbe,Darlington
NjAs23,Najar,Andy
6f3RRa,Najem,Adam
jJPVTg,Nakajima-Farran,Issey
Tp6LtO,Nakazawa,Kyle
YnT1tF,Namli,Younes
JT8wbO,Namoff,Bryan
6KWSkD,Nanchoff,Michael
BuT1k3,Nane,Joseph
ATghVp,Nani,
sgLixc,Nanu,
pnxKJU,Nascimento,Luiz Fernando
7jqtkV,Nascimento de Paula,Matheus
GgK2Zg,Nasco,Joe
u87uEc,Navarro,Federico
4wTTOm,Navarro,Miguel
KM1k7o,Navarro Leal,Rafael
9WkXhb,Navas,Francisco
jqvq82,Nazarit,Cristian
9U9cQj,Ndam,Hassan
FQHhDL,Ndenbe,Logan
3tVaBL,Neagle,Lamar
EsLVKp,Neal,Jalen
zddK35,Neal,Lewis
SrHBIV,Nealis,Dylan
YO5aN0,Nealis,Sean
zyqc3Z,Neeley,Jack
OX4YHc,Neeskens,John
YthKDS,Negri,Franco
7mP8NJ,Nelson,Jayden
w3Dbfq,Nelson,John
j1VGLB,Nelson,Michael
3a9Ao7,Nemeth,Krisztian
pINlHU,Neres da Cruz,Erick
Wc0zsC,Nerwinski,Jake
FFuoXF,Nesta,Alessandro
S4a5hb,Neumann,Steve
3hu9M0,Neville,Harvey
0KJf7h,Newman,Enzo
vncw35,Newton,Evan
yLCusq,Ng'Anzi,Ally
4Ar8Oi,Ngalina,Michee
dDVAfz,Ngando,J.C.
mbMo3p,Ngoma Jr.,Serge
kDBqSW,Nguyen,Lee
Cs0MeV,Ngwenya,Joseph
djK2K2,Nicholson,Sam
aZjk54,Nielsen,Brian
PkhbPz,Nielsen,Jimmy
RoN0CI,Nielsen,Kenny
3KcJaY,Niezgoda,Jaroslaw
HM73ea,Nikolic,Nemanja
E97xVG,Nikolov,Oka
zmwhuJ,Nilsson,Joakim
kL4cVy,Nimo,Alex
jC10Zk,Nkufo,Blaise
O7Bb8K,Noble,Nick
S9TRDN,Nocerino,Antonio
NIjXZk,Nocita,Matthew
XU7HbF,Nogueira,Vincent
VjxZLX,Nolly,Jay
AzgSL4,Noonan,Pat
pykeTM,Noone,JT
mZt7Wm,Norman,David
x6gpeI,Norris,Nolan
JXNLcd,North,Brad
oXrUEs,Ntsabeleng,Tsiki
6QH3F8,Nunez,Cristian
QiPFDd,Nunez,Ramon
BDb9qu,Nunez,Tino
awcxNZ,Nurse,Roberto
pS0zgk,Nwiloh,Michael
7ZKHNB,Nwobodo,Obinna
ELu1Rn,Nyarko,Patrick
7u0ZtV,Nyassi,Sainey
djuU4k,Nyassi,Sanna
riVmAC,Nyazamba,Stanley
ADsOFI,Nyeman,Moses
0L3doh,O'Brien,Andy
1nNP7j,O'Brien,Ciaran
t3mOSs,O'Brien,Lewis
Cv3itV,O'Brien,Ronnie
PzUu5Y,O'Connor,Aidan
nVauYk,O'Dea,Darren
21H6Z6,O'Malley,Owen
hDIqRU,O'Neill,Shane
aaTx72,O'Rourke,Danny
20KywG,O'Toole,Kevin
o70Z71,Obando,Allen
iBmM55,Obayan,Sunday
AqVha6,Obekop,Marius
ZQ4bLC,Obinwa,Abuchi
BpcIa0,Oblitey Otoo,Jeffrey
v9ZpYq,Obodai,Anthony
q80mrV,Obrian,Jader
pOZqpk,Ocampo,Edier
H8tn05,Ocampo-Chavez,Alfonso
GyTMHg,Ochoa,David
0DdCGo,Ochoa,Emmanuel
Vu72Uq,Ochoa,Sammy
BxqxrK,Ockford,Jimmy
oemG1H,Odada,Richard
IqFt8s,Odoi-Atsem,Chris
wOAFU8,Odunze,Chituru
kSEhUE,Oduro,Dominic
euNss6,Oebster,Ernst
kD75aY,Offor,Chinonso
0fPCLN,Ofori,Curtis
kT4j7a,Ofori,Ebenezer
en7AYF,Ojeda,Agustin
9btnNl,Ojeda,Braian
HceHXB,Ojeda,Martin
FZndPC,Oka,Arsene
YbMLZ9,Okello,Noble
qkSXa0,Okoli,Sean
8vpWvJ,Okonkwo,Patrick
QHmjx3,Okugo,Amobi
lRgKaT,Okwonkwo,Orji
2uTEmI,Okwuonu,Boyd
UtQ8dD,Olabiyi,Rasheed
Efzf7H,Olave,Jamison
iFjQRt,Olivares,Christian
iPC8Y4,Olivas,Sal
zrEzuI,Olivera,Cristian
3U6yTf,Olney Jr.,CJ
m7esCT,Olsen,Ben
Fg9JUc,Olum,Lawrence
OoHZK1,Oluwaseyi,Tani
UBweJb,Ombiogno,Stephane
ZtzObX,Omphroy,Demitrius
7VsiZj,Omsberg,Wyatt
g2aEzo,Ondrasek,Zdenek
OZsoH4,Onstad,Pat
nnqSSM,Ontivero,Lucas
DV6kCe,Onuoha,Nedum
YlkRHv,Onyewu,Oguchi
9d6eh0,Opara,Ike
qGyU9x,Opare,Kofi
N32XYX,Opoku,Edward
mARyAy,Opoku,Kwadwo
SuG4Lj,Oravec,Matej
Jo3Z7P,Ordaz,Nathan
n11Rnn,Ordonez,Arquimides
BOLhNz,Oregel,Sergio
jxCfwc,Orellano,Luca
EW9sV6,Orozco,Jaziel
ohrctg,Orozco,Michael
rNck9b,Orr,Bradley
xf0S9s,Ortiz,Joao
6SFBMY,Ortiz,Jose Guillermo
ofguzW,Ortiz,Juan Esteban
GdTztW,Ortiz,Pablo
hiUzsU,Ortiz Flores,Rey
WSZ5VR,Osei,Emmanuel
wT3KyQ,Osorio,Jonathan
PEVDbj,Osorno,Daniel
ewRe1W,Ostrak,Tomas
N6X7Wf,Otero,Javier
Rs91L4,Oughton,Duncan
P7OrS2,Ouimette,Karl
S36abz,Ousted,David
aE8URm,Ovalle,Adolfo
toKXEP,Oviedo,Bryan
h39MKB,Ownby,Brian
05GCRm,Owundi Eko'o,Bertrand
jJfAGK,Owusu,Leonard
HabI6S,Owusu,Prince
i8fIXQ,Owusu,Samuel
FkLXq5,Oyirwoth,Allan
vcvZ5m,Oyongo,Ambroise
jikYIp,Pacifici,Matt
7dJXAM,Pacius,Woobens
A2FACu,Padelford,Devin
qtSS5u,Padilla,Jesus Andres
SmRkVa,Padula,Gino
wO1VBo,Paes,Maarten
fB6qyS,Paintsil,Joseph
KWpKVt,Pais,Mark
Pb6Tee,Paixao Da Silva,Fernando "Bob"
z4BJZr,Pajoy,Lionard
WhMj4H,Palacio,Mike
erQUkt,Palacio,Nelson
ND1a2C,Palacios,Diego
UfXYot,Palacios,Jeison
vtwrsI,Paladini,Daniel
Ijn3x2,Palencia,Sergi
8tTRHA,Palguta,Scott
S91AXz,Palmer,Lovel
BiKyOC,Palmer-Brown,Erik
jGdn8E,Palomino,Marcelo
gHMBjE,Palsson,Victor
9TURpk,Panayotou,Jack
8vagqt,Pangop,Frantz
hcUaE6,Panicco,Elliot
AhDIe6,Pantazopoulos,Pari
vse6sI,Pantemis,James
bdbUTt,Paparatto,Norberto
GwRoUb,Paponi,Daniele
z2K33q,Pappa,Marco
Xq8SaS,Pardo,Boris
oSICBg,Pardo,Pavel
E6vqQt,Paredes,Cristhian
7BgMMM,Paredes,Kevin
e6Mheb,Parente,Isaiah
gY6KgQ,Pariano,Nick
vH0MfQ,Parisian,Donovan
mTjY99,Parke,Jeff
1V3KkT,Parker,Isaiah
TYfZOS,Parker,Lance
UXHZ8u,Parker,Tim
z7F6iB,Parkhurst,Michael
o5Bcq0,Parks,Keaton
HV9Cts,Parsemain,Kevin
JB29pr,Partida,Kevin
B67KlL,Pasalic,Marco
MX1Udk,Pasher,Tyler
yhZphR,Paterson,Jamie
cNayJX,Patino,Santiago
6Dhmgy,Pato,Alexandre
RjjwRc,Patterson,Caleb
nDQPHz,Patterson,Kyle
FEiw6Z,Patterson,Randi
5qNPOj,Patterson-Sewell,Caleb
PR1WoI,Paul,Ilijah
CBWXS3,Paulo,Marcos
t2boXL,Paunovic,Veljko
dBJhLq,Pause,Logan
xchqkg,Pavon,Carlos
pzJvNP,Pavon,Cristian
RyjAh3,Pearce,Heath
3jpsN2,Pearce,Tom
slF3MF,Pearce,Tyson
wRFCMO,Pearlman,Adam
wWIEJ4,Peay,Taylor
cllVKX,Pecile,Damiano
Tyyi7X,Pecka,
Xb1gqJ,Pedro,Joao
PQMyPe,Pedroso,Marcos
3GJcTN,Pelae Cardoso,Nathan Raphael
PPVw61,Pellegrini,Matias
3SFeSF,Pellegrino,Amahl
6Bp6bp,Pelletieri,Agustin
uWoeJB,Pelosi,Marc
8d55fy,Peltola,Matti
8lNzMw,Pena,Juan
QROOvO,Pena,Ronaldo
SV80HT,Pendant,Jason
oF6aYu,Penedo,Jaime
S1ArLw,Penilla,Cristian
Kzc2gE,Penn,Josh
BTmKx4,Pepi,Diego
65x0uT,Pepi,Ricardo
1inGwd,Peralta,Gonzalo
t6kRMg,Perea,Andres
dLfDIg,Pereira,Daniel
L74nxL,Pereira,Dion
HyNy6E,Pereira,Gabriel
91yOQY,Pereira,Jeanderson
cpl88R,Pereira,Michel
r6p2Lo,Pereira,Ricardo
9NiPXR,Pereyra,Joaquin
3dOJna,Pereyra,Mauricio
E9rjUf,Perez,Adrien
QeZIvP,Perez,Blas
cieG5M,Perez,Javier
CyIru6,Perez,Jonathan
ZF0keQ,Perez,Josh
Vy1Bnq,Perez,Manny
HSBtU9,Perez,Matias
ejBnpA,Perez,Miguel
qxhnYh,Perez,Orlando
spWtkZ,Perez,Ricardo
zFF6aw,Perk,Brian
ACqrDY,Perkins,Troy
yK8Fv9,Perlaza,Jorge
AHWukW,Perovic,Marko
59poJ3,Perquis,Damien
I4dIp9,Perrinelle,Damien
TNSSMw,Perruzza,Jordan
rOTa9Z,Perry,Nebiyou
wbYyAL,Pertuz,Hernan
z5aGLU,Peterson,Andrew
jR6pir,Peterson,Jacob
ONXtUn,Peterson,Joseph
ty05qb,Petke,Mike
0Saj6H,Petkovic,Nikola
Vk7FKD,Petrasso,Luca
SjYuko,Petrasso,Michael
TgujEX,Petretta,Raoul
6mrnl7,Petrovic,Dorde
kwr8Re,Pettersson,Tom
aA5IKf,Pfeffer,Zach
4DsLyR,Phelan,Pat
6YJNSC,Phillips,Demar
Z8EDc5,Piatti,Ignacio
3dFeGY,Piatti,Pablo
qrh3Cx,Picault,Fafa
OSpIu9,Pickens,Matt
zE4TK1,Pidro,Selmir
mNAcJ5,Pierazzi,Jean Baptiste
uUwhxe,Pierce,Rusty
IvKAG7,Piermayr,Thomas
cUnz4C,Pierre,Delentz
4kstHH,Pierre,Kayden
czVSMH,Pierre,Neil
6L2qju,Pierre,Nelson
9D19JQ,Pierre-Louis,Ricardo
pFMKEM,Pietravallo,Juan
MqzXVV,Piette,Samuel
XOGSml,Pilcher,Ian
Q2ujLK,Pineda,Gonzalo
G0q5fh,Pineda,Mauricio
dldTOj,Pineda,Victor
E7WST1,Pineiro,Rodrigo
bIVObv,Pines,Donovan
kF7h6J,Pinho,Stefano
H6eQim,Pinto,Malik
5ANSnU,Pintos,Pablo
Yln0X2,Piol,Ariath
07M6IE,Piquionne,Frederic
nabcXs,Pires,Alvaro
BcQRsV,Pirlo,Andrea
RkODZ3,Pisanu,Andrea
hkF92y,Pitchkolan,Aaron
8PO81n,Pitter,Timo
55A1xL,Pittinari,Lucas
vF9N7O,Pizarro,Cesar
AQvAzc,Pizarro,Nelson
REpNat,Pizarro,Rodolfo
hWrb77,Plata,Joao
0ZT65B,Plotkin,Brian
I7OK4Z,Pochettino,Tomas
dSdGMK,Pogatetz,Emanuel
LC6aVY,Pogba,Florentin
BHGAhi,Poku,Kwadwo
hSqhmD,Polak,Tyler
3ylfN4,Polenta,Diego
LiYTrZ,Politz,Kevin
yInZlI,Polk,Ben
iqrS5h,Polo,Andy
cQ8Kia,Polster,Matt
opjIuU,Pompeu,Celio
s04Kjl,Pomykal,Paxton
n1Eaka,Ponce,Ezequiel
bfIVCc,Pondeca,Tomas
n9jiwH,Pongolle,Florent
MvE2Jg,Pontius,Chris
kQy2j5,Pope,Eddie
eRd4Kz,Pore,Ryan
2PHWts,Poreba,David
2eqWUb,Portella,Gino
k6nyVc,Porter,Cameron
SRzBAp,Porter,Kyle
cRKhQT,Portillo,Justin
rXXpvO,Powder,Noah
CsZsiq,Powell,Alvas
p0l481,Powers,Dillon
nB8o69,Pozniak,Chris
e02eOR,Pozuelo,Alejandro
pShgQJ,Price,Jack
AXJPQn,Prideaux,Brandon
Bk2CoZ,Prim,Santiago
cVJt6e,Priso,Ralph
jGACcL,Privett,Andrew
ITHlTr,Przybylko,Kacper
cRM5Zv,Puig,Riqui
jKpBb7,Pukki,Teemu
ihz1hE,Pulido,Alan
6kDnxW,Pulisic,William
MNvoir,Pulskamp,John
uUgFmC,Puncec,Roberto
gKxUeh,Puppo,Federico
DtFzzS,Purata,Juan Jose
njirRv,Purdie,Alec
r5B3RA,Purdy,Steve
1EDrUL,Putna,Andrew
kIOckp,Qasem,Ahmed
6OtGz6,Qazaishvili,Valeri "Vako"
PgYjIH,Quaranta,Santino
U3nvi1,Quezada,Alvaro
UV8ftx,Quignon,Facundo
CkBqtZ,Quinn,Andrew
y18eKu,Quinones,Nelson
pzejOd,Quinonez,Joshue
zIHZqp,Quintana,Yeferson
4sKxKx,Quintero,Alberto
AdBMDF,Quintero,Darwin
od6SoR,Quinteros,Jairo
UXLEGP,Quintilla,Jordi
9LIFvU,Quinton,Philip
rOXfo4,Quioto,Romell
g3VBt9,Qwiberg,Joel
eHvhl3,Raben,Sam
TOdeKg,Rad,Kaveh
eNLErk,Radoja,Nemanja
7abcCc,Rafanello,Jeremy
i6BGJn,Ragen,Jackson
1HH6Xx,Raines,Brooklyn
yGRiWT,Raitala,Jukka
6igAzm,Ralston,Steve
WyoDZP,Ramirez,Anthony
nfLoGS,Ramirez,Christian
uYbvMv,Ramirez,Juan Edgardo
jp2OwT,Ramirez Chacon,Jeizon
At1aBb,Ramos,Rafael
icHVLP,Ramos,Rodrigo
iXvxrl,Ramos,Ruben
Hlij7t,Rando,Alex
O1t66b,Randolph,Michael
emf0bR,Ranjitsingh,Greg
AgT3fx,Raposo,Ryan
QOHd9e,Rasmussen,Justin
QKvThU,Raveloson,Rayan
hmu5PA,Rawls,Andre
M0wNL5,Raybould,Ryan
5elcTS,Razov,Ante
CkHzS4,Rea,Sean
eqMmWX,Real,Matt
Iax3zA,Ream,Tim
SPzBHi,Reaves,Kris
6JIoze,Reda,Marco
uBGOWr,Redding,Tommy
uSmefP,Redes,Rodney
zvMGbh,Redondo,Federico
sRGXHA,Redzic,Beni
C1iEXE,Reginaldo,Joao Pedro
d4eTAd,Reid,Adonijah
4qvvaj,Reid,Jayden
8bjEas,Reid,Winston
fA89Im,Reid-Brown,Tahir
iMbWNu,Reilly,Will
L1zzuk,Reiman,Kevin
A2dtHr,Reis,Matt
XtOOW0,Remedi,Eric
3NxNRk,Remick,Dylan
2pxJtP,Renato,Paulo
PNA0Ss,Renken,Charles
TrD2XH,Rennicks,Justin
iYK8Oa,Renteria,Emilio
s0Zg9h,Reo-Coker,Nigel
yBkHid,Restrepo,Walter
49FixR,Reus,Marco
Q8sZeS,Reveno,Ben
9ByCP5,Rey,Alvaro
NPm3QX,Reyes,Andres
J8DaVj,Reyna,Claudio
YZSO5m,Reyna,Yordy
eLxrkN,Reynish,Kyle
CQBbpZ,Reynolds,Andre
xYlMCf,Reynolds,Bryan
JUnJwX,Reynolds,Justin
CLgiMz,Reynolds,Samuel
mlnTL8,Reynoso,Emanuel
5s4FHt,Rhine,Bobby
dqVgGg,Ribeiro,Antonio
B4OUoQ,Ribeiro,Pedro
iaevdy,Ribeiro Da Silva,Leonardo
9VUmZx,Ricaurte,Andres
SI3Se2,Ricchetti,Pablo
dvnA5V,Rice,Barry
b0uc3H,Richards,Brent
ir0GaC,Richards,Chris
l0vGjG,Richards,Dane
COWajH,Richey,Spencer
yDBoID,Richmond,Will
GYqjtS,Richter,Ryan
w1GUgF,Rick,Andrew
MmuHeE,Ricketts,Donovan
u0VJko,Ricketts,Jamar
YOJ0GD,Ricketts,Rohan
NM3DEw,Ricketts,Tosaint
00T6Ej,Ridgewell,Liam
xjENnU,Riggs,Alex
luLvfj,Rigoni,Emiliano
0pIqV0,Riley,James
Pf9gqC,Rimando,Nick
2ImOz6,Rincon,Sebastian
HplY77,Rindov,Chris
FEhQEJ,Ring,Alexander
G8CiGO,Ring,Brad
PQNl6X,Rios,Andres
V2EkDZ,Rios,Daniel
qIzslb,Rios,Daniel Esteban
Wvapab,Rios,Egidio
MeyM0E,Rios Novo,Rocco
Zj5EHW,Risa,Birk
06b5kr,Ritter,Chris
lCvkDg,Rivas,Carlos
ahizHa,Rivas,Gelmin
zy94xv,Rivas,Nelson
orEX6g,Rivera,Damian
tbJEA4,Rivera,Jose Manuel
Pb4L4e,Rivera,Luis
KI5LGa,Rivera,Sidney
hxRmeY,Rivera,Wilfredo
HKUBR2,Rivero,Martin
OtC1wa,Rivero,Octavio
50JXef,Roach,Michael
2pmH8M,Robayo,Rafael
rh4Dcz,Robertha,Nigel
3fDS3n,Roberts,Jamil
OenA8V,Roberts,Quillan
v3CmHC,Roberts,Reid
YshvbO,Roberts,Thomas
nWgO8z,Roberts,Troy
XLPDNd,Robinho,
r1zZ45,Robinson,Carl
p6kudv,Robinson,Dasan
VJwsda,Robinson,Eddie
e8iXgt,Robinson,Jalen
PpXAIK,Robinson,Miles
XDuiPH,Robinson,Robbie
qBlMsx,Robledo,Harrison
PdBhi2,Robles,Eder
NLnCgK,Robles,Luis
dYQ4SX,Robson,Barry
pRVob5,Rocastle,Craig
wE08AM,Rocha,Andre
sh0ZBt,Rocha,David Mateos
OSOMna,Rocha,Tony
Z2VNyF,Rochat,Alain
RE4D6s,Rochez,Bryan
qpkObe,Rodgers,Luke
9wj0v0,Rodrigo Bava,Jorge
PomSCg,Rodrigues,
o3kSXj,Rodrigues,Braudilio
pYvLJB,Rodriguez,Abraham
Te0uUo,Rodriguez,Adrian Lopez
itw82c,Rodriguez,Allan
PJ7zW3,Rodriguez,Angelo
30sA7X,Rodriguez,Baltasar
H595CT,Rodriguez,Brian
CKczxp,Rodriguez,Carlos
CmiJhj,Rodriguez,Diego
kTEh01,Rodriguez,Emerson
t3DC6p,Rodriguez,Jonathan
DDDPrA,Rodriguez,Lucas
B1ovn2,Rodriguez,Martin
djA37W,Rodriguez,Maximiliano
2smYNS,Rodriguez,Memo
Qspvxx,Rodriguez,Milton
LsHWaf,Rodriguez,Missael
QX4wIf,Rodriguez,Nicolas
f88AIQ,Rodriguez,Raul
rZJa5G,Rodriguez,Santiago
VQV5Mz,Rodriguez,Sebastian
hBSTSf,Rodriguez,Victor
kjwDkp,Rogers,Robbie
v0DcNu,Rogers,Sam
TJqcnt,Rojas,Jorge
fkJSsM,Rojas,Matias
1sK5Mm,Roldan,Alex
NFnz7H,Roldan,Cristian
CAAJWk,Rolfe,Chris
5ZqoXf,Rolfe,Colin
pDvGIX,Romana,Jhohan
QVrYc2,Romeo,Antonio "Rocco"
BKKgw1,Romero,Abraham
TvB8tz,Romero,Andres
IxHodQ,Romero,Brian
kGkjn4,Romero,Cesar
AdWXcK,Romero,Nicolas
vdCjdV,Romero,Osael
Ih15eD,Romero,Tomas
8orUv2,Romney,Dave
SPbFOX,Romo,Rafael
vjZKjR,Ronan,Connor
phKLJ8,Room,Eloy
Uu5mDh,Rooney,John
dh4Xg1,Rooney,Wayne
v3fN24,Rosales,Diego
cVyc3X,Rosales,Joseph
mDiHEE,Rosales,Mauro
mgvjAc,Rosborough,Tanner
HuLv02,Rose,Andy
TczttY,Rosell,Uri
5fWqoD,Rosenberry,Keegan
7tQInU,Rosenlund,Tyler
TPPPXb,Rosero,Dany
fX8Ba7,Rossetto,Matheus
KNi915,Rossi,Diego
SEpouT,Rossi,Giuseppe
wtQ0dT,Rost,Frank
RpbFCQ,Rosted,Sigurd
OqzcOK,Roth,David
xbLklC,Rothrock,Paul
g5ZHdo,Rowe,Brian
wcJQ1t,Rowe,Kelyn
XTpgGY,Rowland,Jeff
dWfBI0,Rowles,Kye
Vk97MI,Royer,Daniel
ySjAKL,Rozeboom,Lance
LFGVJ8,Rubin,Rubio
0Ga9Kv,Rubio,Diego
lRvYKQ,Rudy,Tyler
mNMl6v,Rueckner,Bryant
J1IOjh,Rugg,Charlie
zElyQd,Ruidiaz,Raul
Amdrlm,Ruiz,Brendan
yCGdkx,Ruiz,Carlos
Lig8F1,Ruiz,David
P9eUUB,Ruiz,Pablo
lebpPD,Ruiz,Sergio
JlWgqx,Rusin,Brad
dJzpe6,Rusmir,Dejan
9slPZP,Rusnak,Albert
clmdIY,Russell,Darel
nt2sXv,Russell,Johnny
4gfTLW,Russell,Robbie
FXvorW,Russell-Rowe,Jacen
ydt0Bd,Russolillo,Jordan
IC9Lta,Ruthven,Tyler
aG4JrA,Ruvalcaba,Cesar
rNgocE,Rwatubyaye,Abdul
fHpdxK,Ryan,Zach
1Qpzix,Rzatkowski,Marc
00zOaS,Saad,Soony
8kgk50,Saba,Steeven
8E2v2j,Sabbi,Emmanuel
4CgZAQ,Saborio,Alvaro
BPbL12,Sabovic,Besard
41FmbW,Saeid,Mohammed
Y7KVLV,Sagna,Bacary
AmaumK,Saidi,Anisse
AwRGpe,Sailor,Ryan
z1zcdC,Saint-Duc,Steeve
Y96iBT,Sainte,Carl
tV3fFg,Sala,Dario
zgfgMe,Salazar,Bryan
LvuEWl,Salazar,Michael
mtSVua,Salcedo,Carlos
MgTb93,Salgado,Omar
uXLXC6,Sali,Enes
VJ10cr,Saliba,Nathan-Dylan
TZjgaR,Salihi,Hamdi
MEDsEX,Salim,Abdi
G1XsUH,Salinas,Shea
SELAPM,Salloi,Daniel
ol6FJd,Salou,Ibrahim
R3WCNW,Salquist,Tobias
4PrSDV,Sam,Lloyd
gnENX1,Samake,Gaoussou
Eu7iPA,Samayoa,Nicolas
5EU58k,Sampson,Ethen
XzZ9K1,Samuel,Collin
nN5GbF,Sanabria,Lucas
k5MXZG,Sanchez,Emmanuel
29D4Gu,Sanchez,Ilie
BH8PwF,Sanchez,Jossimar
FKtRNI,Sanchez,Matias
FkZ3Ci,Sanchez,Ramon
V10lGI,Sanchez,Richard
bpTIMC,Sanchez,Vicente
FEK97n,Sandoval,Devon
sKRoJ3,Sands,James
qzBy7b,Sands,Will
viB9Ay,Sane,Lamine
a25ngJ,Sane,Moussa
bOhrCB,Sanneh,Tony
Aj0tzs,Santos,Koa
MisIKL,Santos,Maicon
PllXLd,Santos,Nuno
VOHZxp,Santos,Pedro
79OJAO,Santos,Sergio
OE5xif,Santos,Thiago
wr0yGE,Santos da Silva Barbosa,Marlon
Nok8NR,Sanvezzo,Camilo
Z3SBgP,Sanyang,Amadou
dtHd0Q,Sapong,CJ
6vWVAb,Saragosa,Marcelo
WwsTsH,Saravia,Rodrigo
4WZgFf,Sargeant,Kieran
P6W62y,Sargis,Hayden
X8f8y6,Saric,Martin
bQZL8X,Sarkodie,Kofi
zyPkVM,Sarkodie,Kwame
Y9w9TJ,Sarvas,Marcelo
5ZjVkL,Sassano,Luke
Dymyxw,Saucedo,Sebastian
zafCff,Saunders,Josh
2IrwLy,Saunders,Tor
TwjEod,Sauro,Gaston
QWwGrt,Savage,Keith
j0ZHJG,Savarino,Jefferson
tFiRf4,Sayang,Amadou
sKHU7W,Scally,Joe
rRAMoT,Scardina,Nick
fFv51h,Schewe,Ryan
vmOADD,Schiavoni,Matteo
v7YOUV,Schilawski,Zack
BOODsn,Schlegel,Rodrigo
kcLd62,Schmidt,Justin
QTMtv3,Schmidt,Luis Eduardo
qsCNeg,Schmitt,Tate
2eTFFH,Schnegg,David
5YqrlU,Schneider,Max
sFPZYW,Schneider,Teddy David
9sowCi,Schoenfeld,Aaron
C6frfw,Schoeni,Kenny
7hyAFo,Schon,Szabolcs
X9Ye3j,Schopf,Alessandro
sIlnbW,Schopp,Markus
fNeg09,Schuler,Billy
fMkcEu,Schuler,Chris
7HSz50,Schuller,Rasmus
aEn9Ru,Schulte,Patrick
C4nn8g,Schunk,Ross
kuzD2m,Schwake,Brian
cSNgPX,Schweinsteiger,Bastian
5NmNkE,Scott,Brady
J2s9S6,Scott,Kyle
VGKL4y,Scott,Tarik
Qld7vT,Scott,Zach
a3XY8K,Seagrist,Patrick
h6wMat,Sealy,Dante
sxpIyw,Sealy,Scott
Ju38xZ,Seamon,Michael
wzCtQT,Seaton,Michael
8ATy16,Sebastian,Juan
17m8qZ,Sebrango,Eduardo
n6L3oE,Segal,Gabriel
0QQcLy,Segares,Gonzalo
UZpbPU,Segbers,Mark
Lq8lo5,Segovia,Telasco
fUEfHh,Segura,Eddie
owDKPf,Segura,Ulises
YcXtxU,Seiler,Cole
ZQNfLJ,Seitz,Chris
O8r6F6,Sejdic,Amar
Ld9vFn,Sekagya,Ibrahim
NwPvbn,Sekulic,Boris
FdC6qr,Semmle,Oliver
DZUYqS,Senderos,Philippe
ZeYpLR,Sene,Saer
kCJe8d,Serioux,Adrian
ohYT1p,Serna,Dillon
qaHTlj,Servania,Brandon
NNrOMr,Sesay,Israel
u8feyB,Shaffelburg,Jacob
UNvtNc,Shannon,Oliver
QYeezt,Shanosky,Conor
6XXjIQ,Shaqiri,Xherdan
PkJnSA,Sharp,Billy
gMcf8t,Sharp,Charlie
AjgMzY,Sharpe,Chris
8s5v7I,Shashoua,Samuel
yjT2EU,Shawcross,Ryan
ThWbaQ,Shea,Brek
xnXBBc,Shelton,Khiry
ul7G6k,Sherrod,Mark
w18Htf,Shinyashiki,Andre
g2bTjc,Shipalane,Tiyiselani
R9i3LR,Shipp,Harry
uzeJZv,Shome,Shamit
3jtVeQ,Shore,Jonathan
XFGRNt,Shuttleworth,Bobby
JUdPUa,Sikora,Victor
JLkEgX,Silva,Alejandro
ke40xO,Silva,Danilo
DmLirY,Silva,Kevin
OfmNWQ,Silva,Luis
zvEMMa,Silva,Marcelo
VGjJpn,Silva,Matheus
aZuAAL,Silva,Tommy
Bq4inH,Silva,Xande
jKXyFh,Silveira de Mello,Vinicius
d9WxRW,Silvestre,Mikael
vHqcB9,Simms,Clyde
g2mEJG,Simonin,Clement
czeTxD,Simpson,Jay
LZ195Q,Sims,Josh
iLCiLg,Sims,Willie
zkYVjH,Singh,Luke
JCUuze,Sinovic,Seth
8IMDWE,Sipic,Adem
6aDOBO,Sippola,Ben
qBFwBr,Sirois,Jonathan
Px4HmZ,Sisniega,Pablo
YOLF06,Sjoberg,Axel
ZPg1QA,Skahan,Jack
wMD7Pw,Skinner,Joey
qz6Wg2,Skjelvik,Jorgen
9WcWrH,Skundrich,Andrew
4CzH4D,Slisz,Bartosz
HpU2nR,Sloan,Shawn
bfegag,Slonina,Gabriel
vwN6hg,Slonina,Nicholas
cyA3wp,Smalls,Tyger
SvJCxH,Smarte,Adam
dl6O5J,Smir,Alec
I2tF0O,Smith,Blake
quDt49,Smith,Brad
9j69eM,Smith,Collin
k7acxq,Smith,Donnie
8vtMcw,Smith,Graham
38ZdDX,Smith,Ian
tw08N8,Smith,Jamie
T0fNdx,Smith,Jarrod
tT1tIp,Smith,Johann
nkuPXs,Smith,Jordan
FZ0D5q,Smith,Joshua
GP1kwm,Smith,Khano
avko3a,Smith,Kimarni
8McyhW,Smith,Kyle
tDPpiu,Smith,Nathan
0v0nse,Smith,Ryan
vdpXgP,Smith,Steven
qd30yd,Smith,Tommy
clQDJv,Smolyakov,Artem
H1WgOX,Soares,AJ
OXUmY3,Sobocinksi,Jan
7ETOHO,Sobocinski,Jan
ACmClf,Sodade,Babayele
E8DQAa,Soffner,Luis
T3Yj9v,Sofo,Mohammed
AqC5Jr,Solignac,Luis
HRDin0,Solle,Ryan
xKKKXt,Solli,Jan Gunnar
2SeAD1,Solorzano,Erasmo
DvbjNu,Somi,Gabriel
hyGu4X,Somma,Davide
e3mQhe,Songo'o,Franck
yDXP8F,Soolsma,Nick
73JPxx,Sorenson,Anthony
mmrcxM,Sorga,Erik
Z1dJA7,Soriola,Gege
0opGWm,Sorto,Oscar
xmBqEk,Sosa,Eduardo
SUJNQD,Sosa,Joaquin
4kLsRp,Sosa,Santiago
5bQx0P,Soteldo,Yeferson
XEXHi0,Soto,Josue
zm7A6l,Soumare,Bakary
rDnPyy,Souquet,Arnaud
FrphSi,Sousa,Andrew
49D5i3,Sousa,Travian
iIH2iT,Souter,Kevin
s6xqQp,Souza da Silva,Brenner
5DATd9,Sowe,Omar
rMjc8J,Span,Brian
FWZXK9,Spangenberg,Trevor
WCwL0E,Spangler,Steve
V8BV3p,Sparrow,Connor
SvHaDZ,Spaulding,Ryan
FpVTxg,Speas,Ben
hlbE3b,Spector,Jonathan
jw5TdH,Spicer,Tyrese
35Sosw,Spivey,Kaedren
LrPe61,Sserwadda,Steven
wKV7zK,St. Clair,Dayne
lXC0yf,St. Ledger,Sean
nbC9es,Stahl,Toni
1UDAuC,Stajduhar,Mason
tnFnd9,Stamatopolus,Kenny
EOK0o5,Stammler,Seth
nAqJ6V,Stanko,Caleb
m44QLs,Stanley,Aedan
xdyyYq,Steele,Jonny
726Ajf,Steeves,Mac
cmrjK0,Stefanelli,Nicolas
XsdPt9,Stefanovic,Lazar
he2iVw,Steffen,Zack
nAhTbw,Steinberger,Zach
fMIvQy,Steindorsson,Kristinn
neaT6L,Stepanovic,Bojan
73lQYs,Stephens,Michael
Wz18Yz,Stephenson,Khari
ySqj86,Steres,Daniel
3eNiLY,Stertzer,John
RSaNT3,Steuble,Martin
ww5Rg0,Stevenson,Eric
ul1www,Stewart,Jack
TTBU3Q,Stewart,Jordan
Ck5rp5,Stewart-Baynes,Kimani
Un0Mog,Stieber,Zoltan
pVNPpA,Stinson,Matthew
O5kpTB,Stojanovic,Luka
R5IDdI,Stojcev,Milos
DKH3v4,Stokes,Aidan
PBrYP3,Stolica,Ilija
Es0pAN,Stolz,Leo
v7G4B3,Storm,Colton
0EU0tK,Stratford,Dan
aVNBob,Stroud,Jared
rETzJj,Stroud,Peter
nAeYfH,Struna,Aljaz "Kiki"
h5BWrj,Sturgis,Nathan
lzs93F,Stuver,Brad
mjt2Pg,Suarez,Claudio
h8YhHp,Suarez,Luis
9PZhMt,Suarez,Santiago
k3LusM,Suleymanov,Shapi
Fp3Rc2,Sullivan,Cavan
EsjTBw,Sullivan,Quinn
ZjHd1j,Sulte,Hunter
arYLQ8,Sunday,Stephen
5ocuTw,Sunderland,Beckham
3078sU,Sunderland,Lawson
MkXnZ4,Sundly,Alec
C2TFQe,Surman,Finn
zTZ5d3,Surridge,Sam
Pqg6C9,Sutter,Scott
xS1aEQ,Sutton,Greg
Jhh1Q8,Svatok,Oleksandr
RzzhOg,Svensson,Gustav
TdG29B,Sviatchenko,Erik
KSkctX,Swanson,Ben
KFZz7Z,Sweat,Ben
NAUaBS,Swiderski,Karol
vwi4CM,Syamsir,Alam
ZTrnbc,Sylla,Ousmane
iXlt2Q,Sylvestre,Brian
1vbB6b,Synchuk,Gena
v3VHpo,Szetela,Danny
aoBVGz,Tabla,Ballou
nZkHOZ,Tagseth,Edvard
n9wUOy,Taider,Saphir
jzpphc,Tainio,Teemu
Yn0wnS,Tait,Joe
6WuHrx,Tajouri-Shradi,Ismael
Kxy65Y,Takaoka,Yohei
62h8fc,Talley,Carey
aSvneb,Tambakis,Alexander
2pXARd,Tan,Long
JUU7Lr,Tanasijevic,Strahinja
OCH54x,Tapias,Miguel
B5gKSH,Tarbell,Andrew
fGW6KY,Tarek,Amro
4qlKHl,Tasende,Jose Angel
XfURBZ,Tavares,Iuri
wJphUY,Tavares,Sidnei
UoxIon,Taylor,Christopher
EDpmum,Taylor,D.J.
djLK4t,Taylor,Jermaine
SPgG90,Taylor,Robert
B1enKS,Taylor,Tony
GqBHoE,Tchani,Tony
eiFnmJ,Techera,Cristian
F2KQOJ,Teibert,Russell
fLR5j1,Telesford,Osei
qeicuO,Telfer,Ryan
CRRZiD,Tello,Cristian
AuHmM4,Tennelle,Brennan
TNLhTr,Teran,Carlos
M1HU2U,Terry,Jude
MDXsmY,Tessmann,Tanner
yyu59S,Tetteh,Michael
ptIStg,Tetteh,Samuel
dUnNkj,Teuchert,Cedric
ftKdB5,Teves,Dylan
srsTtO,Texeira,David
HypM7R,Thiam,Khaly
VdIWRS,Thiare,Jamal
wEIQxQ,Thiaw,Mohamed
0DfiM2,Thiesson,Jerome
ceUOcV,Thoma,Andy
lP8lEy,Thomas,Andrew
gAjPBY,Thomas,Hendry
L5GHRA,Thomas,Jacob
8dmFg9,Thomas,Michael
d0FqsB,Thomas,Mikah
q8H2E1,Thomas,Riley
MufvLN,Thomas,Ryan
Z0XgFX,Thomas,Shavar
M0Pmq9,Thomas,Simon
3msDVm,Thommy,Erik
8aRhjM,Thompson,Abe
Kn4SqA,Thompson,Brooks
6p9GO7,Thompson,Craig
ZuamEc,Thompson,Kosi
yGFxqo,Thompson,Spencer
0AOYM5,Thompson,Tommy
JKYDms,Thompson,Wells
MIhFlW,Thorarinson,Gudmundur
UKGlUE,Thorhallsson,Dagur Dan
npk4Nq,Thorisson,Nokkvi
Mkw67w,Thorkelsson,Robert Orri
yLlUSA,Thornton,Zach
OBPhMJ,Thorpe,James
CrKeGg,Thorrington,John
GpAX8O,Tierney,Chris
uLTqak,Tiffert,Christian
XrNUj3,Tillman,Timothy
nLLg3y,Tingey,Keegan
gVz8bY,Tinnerholm,Anton
tbhtHO,Tissot,Maxim
iINwu5,Togashi,Cayman
H0FRjz,Toia,Donny
kuSNTn,Toja,Juan
BMd3BX,Toklomati,Idan
IFQMwh,Tolkin,John
o25tHD,Tolo,Nouhou
f9qB8Q,Top,Jonathan
q1DhjG,Tornaghi,Paolo
jyW2kU,Torres,Adyn
mcC3zm,Torres,Christian
G0Br8e,Torres,Daniel
ukkxD5,Torres,Erick
aNinpj,Torres,Facundo
MFWtC5,Torres,Gabriel
6i2FeG,Torres,Jairo
i9ORXQ,Torres,Joaquin
Xx7JCg,Torres,Juan Pablo
8VNvFg,Torres,Roger
eW0FaQ,Torres,Roman
Vnp7nP,Totland,Tomas
IMFeZP,Touray,Sainey
0Ju0qk,Toure,Dantouma
cmxy5F,Townsend,Casey
ooFEDa,Toye,Mason
7pc6rF,Tracy,Marcus
77V24C,Traore,Diedie
23s3Ss,Traore,Djimi
XoiPl6,Traore,Mohamed
DQeDCd,Trapp,Wil
mjGf7d,Trauco,Miguel
78dQ84,Traustason,Arnor
nwPAjB,Travis,Jackson
TNauXO,Trejo,Danny
4JW8n1,Trent,Holden
c1pTNY,Tribbett,Ken
jKMQPw,Trujillo,Ivan
7XVhe3,Trujillo,Mariano
DvDMEg,Trusty,Auston
2lvS72,Tsakiris,Niko
L4ndak,Tshuma,Schillo
tQxXXK,Tsukada,Yutaro
CisZc9,Tubbs,Garrison
HSaHXU,Tucker-Gangnes,Dylan
FuQtJR,Tudela,Josh
40aAOo,Tuiloma,Bill
Q9ooQm,Turdean,Robert
ohin5X,Turnbull,Stephen
2gb92z,Turner,Cole
cgMOrY,Turner,Gavin
Z2zxOt,Turner,Matt
sdjB9e,Turner,Tyler
NGCY7X,Tverskov,Jeppe
sR9ycI,Twellman,Taylor
w6lBkM,Twumasi,Ema
3LDHIg,Tyler,Brandon
eNnwdp,Tyrpak,Kristopher
3dxUec,Tyton,Przemyslaw
K0HhIh,Tzionis,Marinos
FBabH9,Ubiparipovic,Sinisa
mlCDnL,Uhre,Mikael
Nt3Zo2,Ulfarsson,Thor
LTVPw5,Ulisses,Tiago
m3TYCz,Ulloa,Victor
SN0Ug8,Ulysse,Denso
Ks7PWn,Umana,Michael
sNgAe3,Umanzor,Deris
NPGi98,Umony,Brian
5mig7z,Under,Cengiz
UMHCN2,Urena,Marco
6wLo0p,Urhoghide,Osaze
lGN8sU,Uronen,Jere
PSq8SR,Urruti,Maximiliano
iiN4pS,Urso,Junior
zxSF2m,Urzua,Alejandro
dbDBRH,Usanov,Maxim
jpc3w9,Ustari,Oscar
cNv6QF,Ustruck,Erik
ArIjJB,Utvik,Bjorn Inge
MoQt2Q,Uzuni,Myrto
GbybCb,Vaclik,Tomas
uBneFM,Vagenas,Peter
6PbdnQ,Vaisanen,Leo
K3DUrq,Valakari,Onni
2r62qv,Valdes,Carlos
nUyoPK,Valdez,Nelson
Agdupb,Valdez,Xavier
IL0Q2M,Valencia,Felipe
K3PxUp,Valencia,Jhojan
Wi30bo,Valencia,John
dFXt5R,Valencia,Jose Adolfo
bGYsSA,Valencia,Omar
gZtyLO,Valentin,Julian
iFFTQK,Valentin,Zarek
zwrh8H,Valentino,Rob
THVsLW,Valenzuela,Gerardo
iSzzRM,Valenzuela,Milton
v4l3r1,Valeri,Diego
g7nvF6,Vallecilla,Gustavo
Uihl2r,Valot,Florian
mR4oO2,Valverde,Jefferson
oU5rOA,Van Damme,Jelle
AyYQ2A,Van Den Bergh,Dave
FGsd2I,Van Der Werff,Maikel
zRcDbc,Van Der Wiel,Gregory
79o1MH,Van Oekel,Matt
1Yr5Mq,Van Rankin,Jose
z716il,Van de Casteele,Grant
q1cZay,Van der Water,Silvester
N4yWF2,Vanney,Greg
9FU1Lu,Vanzeir,Dante
G7JNUq,Vargas,Alenis
aEQ1uU,Vargas,Freddy
kXGqEp,Vargas,Jeisson
VPswnJ,Vargas,Kerwin
gBhxcT,Vargas,Obed
rBYbfC,Vargas,Olman
D1Ruk6,Vasquez,Elias
kbeKdN,Vassell,Peter
yuYUkA,Vassilev,Indiana
VXGgqT,Vaughn,Lawson
uzmtLX,Vayrynen,Mika
NwqA5q,Vazquez,Brandon
VfXeS1,Vazquez,David
VRDN1k,Vazquez,Julian
3A8Wce,Vazquez,Victor
95JlbM,Veeder,Korey
lslT3A,Vega,Daniel
z9qD92,Vela,Carlos
gtF9Op,Velasco,Alan
8BTGiE,Velasquez,Sebastian
8EzaKF,Velazco,Ricardo
vjzxrr,Velez,Marco
IQl8I9,Venegas,Johan
nT6UQW,Venegas,Kevin
pyDOE4,Venter,Kyle
AF59Q3,Vera,Brayan
6xbrC5,Vera,Matias
jtXVWa,Verfurth,Collin
FeTuav,Verhoeven,Oscar
Xz0RM2,Veris,Kyle
UULUQ6,Vermeer,Kenneth
bkb1KS,Veron,Gonzalo
lvxNMl,Veselinovic,Ranko
vK31pw,Viana,Agustin
i4WtPy,Viana,David Junior
HX3NfI,Viator,Eddy
9mU85e,Victorine,Sasha
EQ3AJH,Vide,Joe
WQ2yma,Videira,Michael
ODGN9a,Vilhelmsson,Christian
a1kwPs,Villa,David
H9pe9s,Villa,Gio
6KrgCG,Villafana,Jorge
my1KXj,Villalba,Hector
QJHKNC,Villar,Ricardo
RF14Wj,Villarreal,Jaime
tHDB0u,Villarreal,Jose
WX1X3P,Vilsaint,Jules-Anthony
CScFLy,Vincent,Brandon
pTK6rz,Vincent,Rob
OsFZC9,Vines,Sam
YaeC7r,Vint,Will
hcMV5O,Virtuoso,Ricardo
yExAAp,Vite,Pedro
RIprzG,Vitoria,Steven
SsnwQu,Vitti,Pablo
SwOE5r,Vivi,Gino
kKXiX3,Voloder,Robert
hPojKT,Vom Steeg,Justin
f7Hc88,Vrioni,Giacomo
usK9Ri,Vukovich,Nemanja
9nelYP,Vuolo,Jeremy
upbrKZ,Wadsworth,Spencer
aEW62l,Wagenfuhr,David
ChQQv8,Wagner,Blake
AksYwZ,Wagner,Kai
b58v7C,Wahl,Tyson
oikvmu,Waibel,Craig
H3wQ0A,Walker,Jamil
jN2Loe,Walker,Kenney
Ebkys7,Walker,Matt
c7saC0,Walker,Nick
48Evj0,Walkes,Anton
yEZsqj,Wallace,Anthony
hpRyLJ,Wallace,Rodney
w2RI50,Wallem,Conrad
FlEMFT,Waller,Corbin
mqFxM6,Walls,Casey
2TklMF,Walls,Tony
qrpy5z,Walter,Remi
cTXW2N,Walters,Paul
wLsXIs,Wanchope,Paulo
StaTfJ,Wanyama,Victor
bmvDGF,Ward,Grant
W7LP0X,Ward,Tim
ihde82,Warner,Collen
waNXCb,Warren,Doug
FIqRty,Warshaw,Bobby
2yFTv0,Warzycha,Konrad
KrGuYB,Washington,Austin
dp2lVe,Washington,Bryce
vEE2um,Washington,Taylor
oi9ihs,Wasson,Daniel
EcQmyE,Waston,Kendall
WsvaZY,Waterman,Joel
RXwq1d,Waterreus,Ronald
uTye1H,Watson,Jamie
3BSmQa,Watson,Je-Vaughn
xrUA61,Watson,Lance
5XH5sI,Watson,Matt
tJiKcY,Watson-Siriboe,Kwame
1hTilQ,Watts,Akil
6cWhA1,Watts,Jared
1naNTr,Weah,Patrick
NyXmrz,Weaver,Cam
w1AgsG,Weber,Andrew
5eB89u,Wehan,Chris
XO9K6a,Weigandt,Marcelo
7W6glk,Wellings,Jude
itj3AC,Wells,Zachary
vHmu9w,Welsh,Andrew
yBQIEk,Welshman,Emery
XoeYrP,Wenger,Andrew
fJqo6U,Wentzel,Michael
zcIyrn,Westberg,Quentin
krpIOY,Westfield,Frankie
IcG8LF,Westwood,Ashley
RCjhn9,Wheeler,Aaron
K86tYk,Wheeler-Omiunu,Andrew
aa4Fln,White,Brian
89hYnk,White,Ethan
Qz3oCi,White,Jeremiah
XNayQj,White,O'Brian
5uVJCV,Wibowo,Adrian
bFQtBO,Wicks,Josh
UoJxrr,Wicky,Raphael
XLuXjK,Wiedeman,Andrew
bGRfJC,Wiet,Matt
3MGDnO,Wijnaldum,Giliano
4dO4tF,Wild,Gordon
iNOkfO,Wileman,Chase
mKc2YE,Wiley,Caleb
e1rJzB,Williams,Andy
TlBSk8,Williams,Augustine
7XI1KY,Williams,Derrick
ElwWCz,Williams,Dicoy
1KC8SB,Williams,JJ
8mHrHD,Williams,Josh
8HBKYW,Williams,Mekeil
50fKHk,Williams,Romario
uzbvs3,Williams,Sam
zCNSsN,Williams,Sheanon
TUhSOi,Williams,Thomas
iDnFjI,Williamson,Eryk
Y9zqMe,Williamson,Tommy
smhpbA,Willis,Joe
m4RzlB,Wilmes,Clifton
HrJ1WT,Wilson,Bruno
CSEOgq,Wilson,Danny
tXvC3D,Wingert,Chris
yS1bIR,Wingo,Henry
12uovN,Winn,Alan
8nlhz2,Winter,Adrian
w3CS8T,Withrow,Daniel
aIrxcr,Witkowski,Krystian
LmvogD,Wolf,Hannes
GvUAIL,Wolff,Josh
5pWuqU,Wolff,Owen
vSFEP3,Wolff,Tyler
PM7wks,Wolverton,Andrew
QjOVsf,Wolyniec,John
2fWoFF,Wondolowski,Chris
ETfgle,Wondolowski,Stephen
gvADJo,Wood,Bobby
mrtzhZ,Woodberry,London
RCddnc,Woodbine,O'Brian
lOXA0H,Woolard,Daniel
U2gQtw,Wooten,Andrew
DReIRt,Wootton,Laurence
WHLaHW,Wormgoor,Vito
iunWpx,Worra,Travis
lADXR5,Wright,Brian
p3bvH0,Wright-Phillips,Bradley
aMKz7U,Wright-Phillips,Shaun
inu6pP,Wyke,Laurence
QIgXHP,Wynder,Elijah
6jzSna,Wynne,Deklan
DItyLw,Wynne,Marvell
YYE4l5,Xavier,Abel
ghX5T6,Yamane,Miki
aijcbl,Yanez,Zidane
J9bIXi,Yankov,Dominik
N9TA7C,Yao,Karifa
5ld3DF,Yapi,Darren
y2oeAh,Yarbrough,William
Ssybk5,Yaro,Joshua
guPXD0,Yazbek,Patrick
yoGh3j,Yearwood,Dru
a7elUv,Yeboah,Kelvin
hrtmLA,Yeboah,Yaw
uoT7JB,Yedlin,DeAndre
oY9gW9,Yeisley,Jason
SS7MxV,Yi,Alex
MWncZP,Yoshida,Maya
g8txZZ,Yotun,Yoshimar
cHfyZd,Young-Pyo,Lee
WgG7hW,Yourassowsky,Mikael
Vzzcyn,Yow,Griffin
o1aCvV,Yueill,Jackson
I9pP1J,Yusuf,Alhassan
fHhBTy,Zaha,Wilfried
LdrqSX,Zaher,Mike
fDSDXb,Zahibo,Wilfried
XIT2CN,Zakuani,Steve
W5ccHb,Zalinsky,Joseph
bXCtrn,Zambrano,Cesar
AaK69d,Zambrano,Renzo
1cbVOD,Zamora,Cesar
cLDKDb,Zamudio,Luis
0uWoW2,Zapata,Luis
RIx9r9,Zardes,Gyasi
NWIOXW,Zavagnin,Kerry
m8xrLE,Zavaleta,Eriq
11AxVF,Zavarise,Gianluca
zTPpGK,Zawadzki,Sean
FDP9V5,Zayner,Jed
BI18mZ,Zeca,
1msZZw,Zelalem,Gedion
FwwXa4,Zelarayan,Lucas
kZpIRr,Zelaya,Rodolfo
CPIwBi,Zemanski,Ben
Ul5dfH,Zendejas,Adrian
PILtwp,Zendejas,Alejandro
WyGWn4,Zerka,Monsef
4MvWRE,Ziegler,Reto
lQIzbD,Zimmerman,Nick
hK165V,Zimmerman,Walker
UQJZzd,Zinckernagel,Philip
4IxZ8s,Zizzo,Sal
vOXyUW,Zobeck,Kyle
vl3LbM,Zotinca,Alex
8EAAxO,Zouhir,Rida
4q4zhR,Zubak,Ethan
lAQKfa,Zubar,Ronald
C7widn,Zuparic,Dario
H1bsxo,Zura,Edmundo
DmD4LV,Zusi,Graham
f7oqhp,da Fonte,Mike
qvy0aQ,da Silva Ferreira,Evander
pCOY3D,da Silva Ferreira,Kaick
T9B64N,de Andrade,Thiago Eduardo
WSuoEP,de Guzman,Julian
kNa9r3,de Jesus Rocha,Geovane
Qs62Uz,de Jong,Marcel
v2STR3,de Jong,Nigel
JT3Mo2,de Leeuw,Michael
gxHlLE,de Lima,Artur
wkhget,de Luna,Mario
sqBE1t,de Magalhaes da Silva,Gregore
1adn2Q,de Sousa Britto,Daniel
cgdw2P,de la Torre,Luca
o8fDDd,de la Vega,Pedro
CkxEaC,dos Santos,CJ
DvtGby,dos Santos,Jonathan
NvMVNo,dos Santos Silva,Micael
