playerid,firstname,lastname
00T6Ej,Ridgewell,Liam
00zOaS,Saad,Soony
01zk3j,Cowell,Cade
02997t,Hernandez,Cristhian
02v8sR,Cardozo,Paolo
03Or2n,Murrell,Jacob
05GCRm,Owundi Eko'o,Bertrand
06b5kr,Ritter,Chris
07M6IE,Piquionne,Frederic
09jr8D,Aird,Fraser
0ajRtu,Luna,Ruben
0AOYM5,Thompson,Tommy
0bl2kx,Gomez,Diego
0bTbIs,Amundsen,Malte
0cevpB,Bernardello,Hernan
0CIzYc,Marcelin,James
0czVuX,Mbongue,Hugo
0dbiez,Ginella,Francisco
0DdCGo,Ochoa,Emmanuel
0DfiM2,Thiesson,Jerome
0DnY2O,Bustos,Marco
0eK4dK,Beaulieu,Jason
0EU0tK,Stratford,Dan
0eXSXd,Joveljic,Dejan
0fET2p,Gdula,Logan
0fLG6y,Kratz,Kevin
0FLUJS,Christianson,Ian
0fPCLN,Ofori,Curtis
0Ga9Kv,Rubio,Diego
0gcN4s,LaBrocca,Nick
0IIgX9,McKenzie,Rauwshan
0JG11E,Conway,Jon
0Ju0qk,Toure,Dantouma
0Jy055,Correa,Thiago
0kA55x,Johnson,Jason
0KJf7h,Newman,Enzo
0Kr0zx,Barnes,Darrius
0L3doh,O'Brien,Andy
0LaHrL,Kempin,Jon
0lvJVZ,Griffit,Leandre
0LZ5mW,Baptista,Julio
0mUlF1,Herrera,Aaron
0Od6b2,Bingham,David
0OkMJq,DelPiccolo,Paolo
0opGWm,Sorto,Oscar
0pIqV0,Riley,James
0pMCnt,Carducci,Marco
0QQcLy,Segares,Gonzalo
0r7pbb,Burciaga,Jose
0rg60E,Beasley,Jamar
0RUVdi,Manneh,Kekuta
0SAbS5,Kettering,Tyler
0Saj6H,Petkovic,Nikola
0tAqFI,Chapman,Jay
0tPJX4,Fisher,Kyle
0uWoW2,Zapata,Luis
0v0nse,Smith,Ryan
0vKkKt,Kounenakis,Nick
0VZrYj,Aias,Matheus
0w3B9f,Gulbrandsen,Fredrik
0ZT65B,Plotkin,Brian
10wWVk,Mendoza,Francisco
11AxVF,Zavarise,Gianluca
11FVg2,Ikbekeme,James
12uovN,Winn,Alan
134Lpr,Howard,Tim
13lcYk,Latte Lath,Emmanuel
14Kf39,Adebayo-Smith,Jordan
16fqIL,Aguilar,Abel
17m8qZ,Sebrango,Eduardo
1adn2Q,de Sousa Britto,Daniel
1BewLl,Gozo,Zavier
1BLqL4,Mosquera,Yerson
1caEYT,Bravo,Federico
1cbVOD,Zamora,Cesar
1chmpX,Kamara,Alhaji
1cL44d,Kpene,Guy
1dWXnK,Godoy,Anibal
1EDrUL,Putna,Andrew
1HH6Xx,Raines,Brooklyn
1hTilQ,Watts,Akil
1ImO5Z,Amarikwa,Quincy
1inGwd,Peralta,Gonzalo
1jmAav,Kerr,Deandre
1juTlj,Adnan,Ali
1KC8SB,Williams,JJ
1LDgK5,Herbers,Fabian
1McU8k,DeRosario,Dwayne
1Mhg8o,Akpan,Andre
1MSEps,Kone,Ismael
1msZZw,Zelalem,Gedion
1naNTr,Weah,Patrick
1nJPWi,Lennon,Brooks
1nNP7j,O'Brien,Ciaran
1nxZqL,Cavallini,Lucas
1OJbyC,Morales,Efrain
1Qpzix,Rzatkowski,Marc
1sK5Mm,Roldan,Alex
1u8oTK,Bruin,Will
1UDAuC,Stajduhar,Mason
1UkKMp,Medina,Cruz
1uoDcO,Mabwati,Cedrick
1V3KkT,Parker,Isaiah
1v93W0,Manotas,Mauro
1vbB6b,Synchuk,Gena
1vqvNj,Cubas,Andres
1ws2Ta,Lampard,Frank
1XvP4k,Bourgeois,Bradley
1yJAeK,Ashe,Corey
1Yr5Mq,Van Rankin,Jose
1z0Iml,Gjertsen,Joey
1ZYKei,Dimitrov,Stefan
20KywG,O'Toole,Kevin
21H6Z6,O'Malley,Owen
23s3Ss,Traore,Djimi
29Bz20,Azira,Micheal
29D4Gu,Sanchez,Ilie
2aeGDA,Colombano,Eloy
2B1dds,Cox,Raphael
2bYaCi,Kasiguran,Kai
2cLGvG,Joseph,Shalrie
2D7PJ9,Medranda,Jimmy
2eqWUb,Portella,Gino
2eTFFH,Schnegg,David
2FFPcC,Elmedkhar,Kalil
2fklH2,Farfan,Gabriel
2FLEVc,Flores,Andres
2FrpNK,Kovacevic,Franko
2Fuwla,Appiah,Emmanuel
2fWoFF,Wondolowski,Chris
2G9oPa,Abu,Mohammed
2gb92z,Turner,Cole
2GIJj3,Moose,Justin
2heILP,Jeong,Sang-bin
2hHsnQ,Jackson,Niki
2hLMIO,Darboe,Bajung
2hpQx4,Gallego,Bryan
2Hr5k5,Eylander,Chris
2iFscu,Maganto,Ignacio
2ImOz6,Rincon,Sebastian
2IrwLy,Saunders,Tor
2Jb7Wx,Cabral,Kevin
2jmfRX,Dezart,Joseph
2Jt9YX,Brill,Sam
2L0Fvv,Morris,Jordan
2l0zLU,Caceres,Martin
2lvS72,Tsakiris,Niko
2NbtFd,Hasler,Nicolas
2OVOQo,Helton,Kyle
2PHWts,Poreba,David
2pKSi0,Baah,Gideon
2pmH8M,Robayo,Rafael
2pXARd,Tan,Long
2pxJtP,Renato,Paulo
2q5Wrk,Melano,Lucas
2qrZkq,Abecasis,Luciano
2QZwZB,Chung,Kadin
2r5QyV,Burpo,Preston
2r62qv,Valdes,Carlos
2RnZqC,Carleton,Andrew
2rRmy1,Cannon,Reggie
2sAUEd,Hernandez,Nicolas
2SeAD1,Solorzano,Erasmo
2slPTv,Hall,Jeremy
2smYNS,Rodriguez,Memo
2snBnJ,Carroll,Jeff
2TklMF,Walls,Tony
2tsVJ7,Jones,Mychel
2uN6t3,Herrera,Yangel
2uTEmI,Okwuonu,Boyd
2vu0q7,Ibarra,Franco
2vZIaI,Moon-Hwan,Kim
2WT4cw,Cavallo,Nico
2yFTv0,Warzycha,Konrad
3078sU,Sunderland,Lawson
30Mxao,Hernandez,Pablo
30sA7X,Rodriguez,Baltasar
31OHCW,Montgomery,Callum
32JeAF,Hilliard-Arce,Tomas
34M9cF,Moreno,Alejandro
35Sosw,Spivey,Kaedren
367Gr3,James,Evan
38ZdDX,Smith,Ian
39qtUo,Garcia,Nick
3A8Wce,Vazquez,Victor
3a9Ao7,Nemeth,Krisztian
3aDqg2,Chacon,Daniel
3bsHJ5,Ababio,Eddie
3BSmQa,Watson,Je-Vaughn
3COxGY,Jozwiak,Kamil
3d7twm,Illarramendi,Asier
3dFeGY,Piatti,Pablo
3dOJna,Pereyra,Mauricio
3dxUec,Tyton,Przemyslaw
3eNiLY,Stertzer,John
3fDS3n,Roberts,Jamil
3fJtdM,Griffiths,Brenton
3GhcBV,Hagglund,Nick
3GJcTN,Pelae Cardoso,Nathan Raphael
3Gr5oW,Aaronson,Paxten
3hu9M0,Neville,Harvey
3HvOcR,Birchall,Chris
3hZK0P,Missimo,Cole
3IwaQI,De Oliveira,Denilson
3jMrAk,Hogg,Ian
3jpsN2,Pearce,Tom
3jtVeQ,Shore,Jonathan
3KcJaY,Niezgoda,Jaroslaw
3KsqjK,Long,Kevin
3LDHIg,Tyler,Brandon
3LTzih,Boupendza,Aaron
3MGDnO,Wijnaldum,Giliano
3MRZBn,Guvenisik,Sercan
3msDVm,Thommy,Erik
3n8729,Dominguez,Eduardo
3NuoHO,Mafla,Christian
3NV281,Kinne,Ryan
3NxNRk,Remick,Dylan
3offEz,Kotschau,Ritchie
3PQztA,Ayuk,Eric
3PsYnd,Donovan,Chris
3QiQIs,Franklin,Sean
3qvY9b,Delgado,Dario
3rHV4H,Gudino,Raul
3SFeSF,Pellegrino,Amahl
3smMDI,Gyamfi,Stephen Annor
3SnbB8,Dreyer,Anders
3t1V43,Chong Qui,Dominik
3tANYS,McNeill,Quinn
3TBbxU,Diaz,Luis
3Tj86o,Mina Nazarit,Miguel
3tVaBL,Neagle,Lamar
3U6yTf,Olney Jr.,CJ
3xrJRU,Lekic,Radivoje
3yiN8K,Acosta,George
3ylfN4,Polenta,Diego
3zmf8p,Maloney,Connor
3zneLv,Guerrero,Ivan
40aAOo,Tuiloma,Bill
40bAm9,Antonoglou,Themi
41FmbW,Saeid,Mohammed
41Y6hL,Meza,Fernando
43jSPg,Gallagher,Jon
43QC8L,Ikoba,Tega
45phjA,Defoe,Jermain
47Gge5,Gazdag,Daniel
48Evj0,Walkes,Anton
48Mp0Y,Mutch,Jordon
49D5i3,Sousa,Travian
49FixR,Reus,Marco
4Ar8Oi,Ngalina,Michee
4B38uv,Awaziem,Chidozie
4BEaUO,Loewy,Otto
4CgZAQ,Saborio,Alvaro
4CzH4D,Slisz,Bartosz
4dO4tF,Wild,Gordon
4DsLyR,Phelan,Pat
4DVi8V,Klauss de Mello,Joao
4erRyq,Amaya,Frankie
4FF5Kn,Donovan,Conor
4fFgt3,Johnson,Daniel
4fKIl3,Hernandez,Felipe
4FUJPE,Mannone,Vito
4gfTLW,Russell,Robbie
4gn1yA,Murphy,Ian
4gR2fP,Bugaj,Dawid
4HeQOh,Brooks,Desmond
4IxZ8s,Zizzo,Sal
4jclmM,Lopes,David Junior
4JW8n1,Trent,Holden
4KkhiM,Franco,Alan
4kLsRp,Sosa,Santiago
4kstHH,Pierre,Kayden
4LGz2X,Murillo,Michael
4Mp9nh,Buksa,Adam
4MvWRE,Ziegler,Reto
4mWiX3,Arias,Sergio
4p5jPn,Falcon,Maximiliano
4pdoBW,Bell,Matthew
4PrSDV,Sam,Lloyd
4q4zhR,Zubak,Ethan
4qlKHl,Tasende,Jose Angel
4QtznM,Conde,Wilman
4qvvaj,Reid,Jayden
4sKxKx,Quintero,Alberto
4sN2EO,Camp,Blake
4uh4Rf,Anane-Gyasi,Edwin
4uNcO6,Barajas,Fidel
4VUSHE,Brown,Evan
4w0o3e,Morton,Kyle
4wTTOm,Navarro,Miguel
4WZgFf,Sargeant,Kieran
4ZkCOJ,Gomez,Tomas
4ztctv,Corcoran,Matthew
50fKHk,Williams,Romario
50JXef,Roach,Michael
53qvk0,Diarra,Youba
55A1xL,Pittinari,Lucas
57ap4f,Attinella,Jeff
582FRl,Iliadis,Ilias
58A7tY,Gonzalez,Santiago
58ZNLL,Lappalainen,Lassi
59FqNi,Lozano,Hirving
59jtgX,Moreno,Santiago
59poJ3,Perquis,Damien
5AGSKn,Hurtado,Erik
5AivxT,Lindsey,Jaylin
5aivZB,Jimenez,Hector
5ANSnU,Pintos,Pablo
5bQx0P,Soteldo,Yeferson
5d2okM,Alvarez,Favio
5DATd9,Sowe,Omar
5eB89u,Wehan,Chris
5EbrMy,Loyola,Favian
5elcTS,Razov,Ante
5EU58k,Sampson,Ethen
5Evrss,Guillen,Aaron
5fWqoD,Rosenberry,Keegan
5GrDTc,Lowery,Amir
5gStrH,LeFlore,Isaiah
5hLXAg,Burgess,Nkosi Tafari
5iAl77,Calle,Javier
5IpovV,Maciel Felix,Lucas
5jb93m,Elkinson,Kilian
5kpuwp,Fagundez,Diego
5ld3DF,Yapi,Darren
5LN5Go,Cifuentes,Jose
5lVVOR,Badwal,Jeevan
5mig7z,Under,Cengiz
5mXwSk,Arroyo,Dixon
5MYMWH,Cadden,Chris
5NmNkE,Scott,Brady
5nYQQh,Johnson,Sean
5o9y6H,Mustivar,Soni
5ocuTw,Sunderland,Beckham
5OoHB0,Bair,Thelonius
5pWuqU,Wolff,Owen
5qNPOj,Patterson-Sewell,Caleb
5s4FHt,Rhine,Bobby
5sJsZL,Bou,Gustavo
5SU9Ci,Brown,Adin
5tVqHp,Jara,Leonardo
5UQYFG,Angevine,Scott
5uVJCV,Wibowo,Adrian
5uXGrz,Marshall,Tyrone
5UZxdf,Montali,Francesco
5VQSro,Crayton,Louis
5vuiJ8,Hoesen,Danny
5x3CU4,Llamosa,Carlos
5XH5sI,Watson,Matt
5XNSHu,Clark,Ricardo
5YQJ13,Dowd,Bryan
5YqrlU,Schneider,Max
5ZjVkL,Sassano,Luke
5ZqoXf,Rolfe,Colin
62h8fc,Talley,Carey
6371md,Burks,Kendall
64DEwS,Asensio,Carlos
65x0uT,Pepi,Ricardo
6aDOBO,Sippola,Ben
6aPYx1,Hainault,Andre
6asVQX,Martins,Felipe
6AvBMX,Coronel,Carlos
6BmKzb,Hope-Gund,Rio
6Bp6bp,Pelletieri,Agustin
6BTMDl,Braz,Adam
6cWhA1,Watts,Jared
6d3iWE,Chancalay,Tomas
6Dhmgy,Pato,Alexandre
6e7A5I,Lindsay,Nicholas
6eqaiC,Banner,Michael
6f3RRa,Najem,Adam
6fD2Z3,Carroll,Pat
6fKxXK,Henry-Scott,Malik
6g7v3L,Jaqua,Nate
6GtBxP,Horn,Jannes
6i2FeG,Torres,Jairo
6i8TA6,Munjoma,Eddie
6igAzm,Ralston,Steve
6iGEK4,Akinola,Ayo
6igjsH,Cano,Jordan
6JIoze,Reda,Marco
6JTknk,McLain,Patrick
6jzSna,Wynne,Deklan
6kDnxW,Pulisic,William
6KrgCG,Villafana,Jorge
6KWSkD,Nanchoff,Michael
6L2qju,Pierre,Nelson
6mrnl7,Petrovic,Dorde
6OtGz6,Qazaishvili,"Valeri ""Vako"""
6p9GO7,Thompson,Craig
6PbdnQ,Vaisanen,Leo
6PHOUh,Milinkovic,David
6pK7C1,Estrela,Bento
6Qcol5,Gregersen,Stian
6QH3F8,Nunez,Cristian
6qYtNb,Guy,Ryan
6rFYWQ,Fernandez,Eduardo
6riXSf,Elis,Alberth
6rylpv,Haak,Justin
6SFBMY,Ortiz,Jose Guillermo
6tSVAC,Jones,Scott
6TwVvb,Grandsir,Samuel
6Uw9XT,Koger,Alan
6uXtX2,Birnbaum,Steve
6Vc0uq,Afrifa,Stephen
6vGhkx,Dos Santos Cazumba,Alex
6vWVAb,Saragosa,Marcelo
6We2WH,Gomez,Christian
6wFdNd,Angel,Juan Pablo
6wLo0p,Urhoghide,Osaze
6WuHrx,Tajouri-Shradi,Ismael
6WWpl4,Benitez,Miguel
6xbrC5,Vera,Matias
6XPknv,Caicedo,Deiber
6XXjIQ,Shaqiri,Xherdan
6YJNSC,Phillips,Demar
6zmywV,Greene,Jacob
705d11,Gressel,Julian
726Ajf,Steeves,Mac
72H2pR,Alexander,Eric
72yoWu,Muriel,Luis
73JPxx,Sorenson,Anthony
73lQYs,Stephens,Michael
775W2n,Hairston,Marlon
77gTXx,Micovic,Novak
77OMIY,Hoppenot,Antoine
77V24C,Traore,Diedie
78Dpi5,Mueller,Chris
78dQ84,Traustason,Arnor
79h95c,Gehrig,Eric
79o1MH,Van Oekel,Matt
79OJAO,Santos,Sergio
79tAju,Berry,Miguel
79wmUl,Joyce,Ian
7abcCc,Rafanello,Jeremy
7BgMMM,Paredes,Kevin
7d29Ie,Ford,Kortne
7dfw4z,Murphy,James
7dJXAM,Pacius,Woobens
7eovZN,Harvey,Jordan
7ETOHO,Sobocinski,Jan
7fUoAF,Moreira,Steven
7gI9ew,Dunn,Julian
7HSz50,Schuller,Rasmus
7hyAFo,Schon,Szabolcs
7IDAov,Campos,Pablo
7jbQSc,Diop,Ibrahim
7jqtkV,Nascimento de Paula,Matheus
7JWTid,Jones,Nate
7ls2V1,Judge,Thomas
7mP8NJ,Nelson,Jayden
7nJqUN,Donadel,Marco
7nkdxl,Arce,Miguel
7NRAI1,Morales,Alfredo
7o4keP,Mosquera,Juan
7OCQuv,Marinelli,Carlos
7owidh,Doody,Patrick
7pc6rF,Tracy,Marcus
7PjOd3,Jaime,Sebastian
7QChFP,Beaudry,Adam
7qiIIP,Hercegfalvi,Zoltan
7qnFIC,Kennedy,Dan
7ry73S,Isimat-Mirin,Nicolas
7SpHUr,Ibrahim,Fuad
7sZdMC,Cowell,Chance
7tQInU,Rosenlund,Tyler
7u0ZtV,Nyassi,Sainey
7uHJHu,Gioacchini,Nicholas
7vI7xt,Allen,Brandon
7VsiZj,Omsberg,Wyatt
7W6glk,Wellings,Jude
7wAkIb,Jones,Aaron
7XI1KY,Williams,Derrick
7XjEZG,Barrett,Chad
7XmpLE,Boss,Terry
7XSSIF,Cleveland,Stefan
7XVhe3,Trujillo,Mariano
7Yk4mG,McGraw,Zac
7yzVaF,Glen,Cornell
7ZKHNB,Nwobodo,Obinna
7Zltkc,Casas,Javier
803xDS,Burke,Cory
82awxp,Chirgadze,Giorgi
82UwYQ,Hountondji,Cedric
83TRyu,Bran,Alejandro
84JPxe,Cochrane,Greg
862FmY,Byrne,Bryan
86CwXs,Calistri,Joey
87f2Ll,Kahlina,Kristijan
89hYnk,White,Ethan
8aRhjM,Thompson,Abe
8ATy16,Sebastian,Juan
8bjEas,Reid,Winston
8BTGiE,Velasquez,Sebastian
8C39N8,Fogaca,Nathan
8CAiH4,Arguez,Bryan
8cmz8u,Muyl,Alex
8d55fy,Peltola,Matti
8DEnuY,Cuesta,Yamith
8dmFg9,Thomas,Michael
8E2v2j,Sabbi,Emmanuel
8EAAxO,Zouhir,Rida
8EjL6P,Mauri,Jose
8EU8aN,Frankowski,Tomasz
8EzaKF,Velazco,Ricardo
8fW2AH,Martins,Obafemi
8HBKYW,Williams,Mekeil
8Hwkus,Barry,Hadji
8IMDWE,Sipic,Adem
8Jp2nG,Martinez,David
8kgk50,Saba,Steeven
8KRQbt,McFadden,Aiden
8KyOGg,Bassett,Sam
8l4Rv7,Murana,Mujeeb
8L72E0,Auro,
8lIhZM,Mijatovic,Jovan
8lNzMw,Pena,Juan
8McyhW,Smith,Kyle
8MdTqq,Moreno,Junior
8mHrHD,Williams,Josh
8nlhz2,Winter,Adrian
8nTMma,Gaddis,Raymon
8o1CEY,Garcia,Felix
8orUv2,Romney,Dave
8Os77v,Miller,Ryan
8oSdN0,Bovalina,Giuseppe
8pcdTU,Hughes,Justin
8PO81n,Pitter,Timo
8qjLua,Bitolo,Ambroise
8qrLjT,Aude,Julian
8qseAK,Lobjanidze,Saba
8RnJ74,Lewis,Jonathan
8s5v7I,Shashoua,Samuel
8Sq9Jy,Coccaro,Matias
8tbdE7,Lameira,Valdomiro
8tTRHA,Palguta,Scott
8tUHcP,Krolicki,Ken
8uRSNi,Cannon,Joe
8vagqt,Pangop,Frantz
8vcOme,Mackay-Steven,Gary
8VER76,LaBauex,Ross
8vNlhk,Caicedo,Juan Fernando
8VNvFg,Torres,Roger
8vpWvJ,Okonkwo,Patrick
8vtMcw,Smith,Graham
8ZvqV5,Lawrence,Kemar
8zXT1E,Beckie,Drew
906Y56,Hughes,Keegan
90PTdF,Borman,Danleigh
90SAqi,Dichio,Daniel
91yOQY,Pereira,Jeanderson
922kp5,Moor,Drew
93oLvq,Chinn,Conor
95JlbM,Veeder,Korey
97naqU,Jankauskas,Edgaras
99FASA,Abada,Liel
99MxEd,Davies,Kyle
9adp5w,Aguilar,Miguel
9ASeF3,Jean,Corentin
9BG5oY,Calvillo,Eric
9btnNl,Ojeda,Braian
9ByCP5,Rey,Alvaro
9D19JQ,Pierre-Louis,Ricardo
9d6eh0,Opara,Ike
9FU1Lu,Vanzeir,Dante
9gwkxr,Carrasquilla,Adalberto
9irq3R,Janniere,Joshua
9j69eM,Smith,Collin
9KaFZf,McNamara,Tommy
9kMVBJ,Hinestroza,Marino
9LIFvU,Quinton,Philip
9lZxgo,Lev-Ari,Sagi
9mU85e,Victorine,Sasha
9nelYP,Vuolo,Jeremy
9NiPXR,Pereyra,Joaquin
9nVIn4,Espindola,Fabian
9PZhMt,Suarez,Santiago
9RIdzr,Edu,Maurice
9RXH7h,Felipe,Luis
9slPZP,Rusnak,Albert
9sowCi,Schoenfeld,Aaron
9sQ011,Jassey,Omar
9TURpk,Panayotou,Jack
9U9cQj,Ndam,Hassan
9VoeZ8,Elmer,Jonas
9VUmZx,Ricaurte,Andres
9vZhG2,McIntosh,Damario
9WcWrH,Skundrich,Andrew
9wj0v0,Rodrigo Bava,Jorge
9WkXhb,Navas,Francisco
9wvHjQ,Lillingston,Eduardo
A0tMtP,Barreal,Alvaro
a1kwPs,Villa,David
a25ngJ,Sane,Moussa
a26FjL,Bates,Will
A2dtHr,Reis,Matt
A2FACu,Padelford,Devin
A2fEsO,Larrea,Gorka
a3XY8K,Seagrist,Patrick
a5i1vK,Mokotjo,Kamohelo
a63Jor,Corona,Joe
a64eeN,Jones,Malachi
A6Jd6u,Cecchini,Emanuel
A78DUk,Mondragon,Faryd
a7elUv,Yeboah,Kelvin
a8mbRq,Longmire,Ahmed
aa4Fln,White,Brian
aA5IKf,Pfeffer,Zach
AadTi5,Grana,Hernan
AaK69d,Zambrano,Renzo
aAN7Lt,Coudet,Eduardo
aARk63,Cascio,Tony
aaTx72,O'Rourke,Danny
aaYkzT,Husidic,Baggio
aaYXtl,Khalfan,Nizar
aBfc0K,Keita,Muhamed
ABuOhE,Hendrickson,Ezra
aC6dXf,Lema,Chris
AcehZZ,Maurer,Jimmy
ACmClf,Sodade,Babayele
ACqrDY,Perkins,Troy
AdBMDF,Quintero,Darwin
ADsOFI,Nyeman,Moses
AdtYHT,Bond,Jonathan
AdWXcK,Romero,Nicolas
AdZGov,Da Luz,Austin
aE8URm,Ovalle,Adolfo
AEcWrO,Mullins,Patrick
aeewkZ,Bressan,
aEn9Ru,Schulte,Patrick
aEQ1uU,Vargas,Freddy
aEW62l,Wagenfuhr,David
AF59Q3,Vera,Brayan
af9M5s,Etim,Monday Bassey
AFaGLo,Kadrii,Bashkim
Afqhix,Crisostomo,Danny
AFt6hD,Facey,Shay
afTL3T,Habarugira,David
aG4JrA,Ruvalcaba,Cesar
ag7iKK,Carrasco,Servando
Agdupb,Valdez,Xavier
AgT3fx,Raposo,Ryan
aGZIxQ,Borja,Carlos
AhDIe6,Pantazopoulos,Pari
ahizHa,Rivas,Gelmin
AHPPza,Kocevski,Jeorgio
AHQHUH,Francis,Waylon
AHWukW,Perovic,Marko
AhzB5f,Dunbar,Cameron
aift6b,Chabala,Mike
aijcbl,Yanez,Zidane
aiJEMt,Danladi,Abu
aIkGXD,Ibrahim,Abdus
aIrxcr,Witkowski,Krystian
aiyiCO,Blackett,Tyler
AiYSce,Kmet,Matus
Aj0tzs,Santos,Koa
AjgMzY,Sharpe,Chris
AJj7ND,Hedrick,Cyprian
ajuR8g,Mancienne,Michael
AKBaz3,Kent,Ryan
AksYwZ,Wagner,Kai
AkYRuU,Fuentes,Gilbert
AmaumK,Saidi,Anisse
Amdrlm,Ruiz,Brendan
amfmjV,Marcucci,AJ
AMIZek,Barco,Esequiel
AmkDsl,Gray,Kelly
aMKz7U,Wright-Phillips,Shaun
AmnYKA,Cole,Ashley
amRLsL,Courtois,Laurent
aMsIuv,Martinez,Jose Antonio
aMX4ru,Movsisyan,Yura
aN3KF8,Gallardo,Marcelo
an7mKd,Munoz,Mike
aNinpj,Torres,Facundo
ANLE0j,Hezarkhani,Aiden
ANPQk0,Fabian,Marco
AnrmHf,Evans,Steven
anrVMh,Cisneros,Ozzie
AntvzW,Melo,Joey
aO8bjk,Carrera,Antonio
Aob9ER,Arrieta,Christian
aoBVGz,Tabla,Ballou
AoIqKL,McCarty,Dax
aOJ0v9,Lorenz,Scott
aPDuPi,Barlow,Jeremy
aPVnfB,James,Ian
aPW2sN,Beckham,David
Apzh5e,Corujo,Guzman
AqC5Jr,Solignac,Luis
AQvAzc,Pizarro,Nelson
AqVha6,Obekop,Marius
ARfTG1,Collin,Aurelien
ArIjJB,Utvik,Bjorn Inge
ArKeSB,Ferrari,Gabriel
arYLQ8,Sunday,Stephen
aSvneb,Tambakis,Alexander
At1aBb,Ramos,Rafael
ateztC,Fernandez,Raul
ATghVp,Nani,
auH7mg,Miller,Peyton
AuHmM4,Tennelle,Brennan
AUMwW3,Mailula,Cassius
AV1eWg,Ekpo,Emmanuel
av7t9u,Mulato,Jose
avJo2Z,Herold,Zachary
avko3a,Smith,Kimarni
aVNBob,Stroud,Jared
aVnsQ0,Mondaini,Marcos
AvxKdw,Agorsor,Christopher
AVZVd5,Dieterich,Tanner
Aw4Git,Koreniuk,Kai
awcxNZ,Nurse,Roberto
AwnCtI,Arzu,Exon
AwRGpe,Sailor,Ryan
awSCd3,Leroux,Beau
aWxySb,Balchan,Rich
AwZ7pd,Caldwell,Steven
AXDv1y,Mbaizo,Olivier
AXJPQn,Prideaux,Brandon
AXybkM,Froschauer,Chris
aYJyC3,Anor,Bernardo
aYpuVO,Bajamich,Mateo
aYwKRz,Catic,Dzenan
AyYQ2A,Van Den Bergh,Dave
aZgAOI,Criscito,Domenico
AzgSL4,Noonan,Pat
aZHUfa,Holness,Omar
aZjk54,Nielsen,Brian
azu3Hn,Fraser,Liam
aZuAAL,Silva,Tommy
b04T01,Borchers,Nat
b0bGNU,Lisch,Michael
b0RoR9,Daniels,Andrew
b0uc3H,Richards,Brent
B1enKS,Taylor,Tony
B1ovn2,Rodriguez,Martin
B20ZvR,Montano,Miguel
B26yrT,Collodi,Michael
B4OUoQ,Ribeiro,Pedro
b58v7C,Wahl,Tyson
B5gKSH,Tarbell,Andrew
b5S94l,Fragapane,Franco
B67KlL,Pasalic,Marco
b7Hov0,Alex,
B86XfU,Antunez,Daniel
bbdfQI,Miranda,Bruno
bBYQhb,Brillant,Frederic
BCilxo,Maher,Jack
BcQRsV,Pirlo,Andrea
bcXbh9,Hunter,Ben
BDb9qu,Nunez,Tino
bdbUTt,Paparatto,Norberto
BdmRm0,Bouda,Ousseni
bE2vOO,Bayiha,Clement
bfegag,Slonina,Gabriel
bfIVCc,Pondeca,Tomas
bFQtBO,Wicks,Josh
BFV5KK,Dobbelaere,Ethan
BFV9Un,Elliot,Simon
bfXPAo,Kossa-Rienzi,Kalani
BG10W3,Farrington,Logan
BG6x8l,Atanga,Isaac
bG7pU2,Mina,Roberto
BGR3OI,Bouanga,Denis
bGRfJC,Wiet,Matt
bGsWtW,Judd,Preston
bGYsSA,Valencia,Omar
BH4KYE,Bryce,Kingsley
BH8PwF,Sanchez,Jossimar
Bhc6Ey,Langsdorf,Foster
BHGAhi,Poku,Kwadwo
bhUYUZ,Halbouni,Belal
BHVqIz,Johnson,Ryan
BI18mZ,Zeca,
biebyR,LaCava,Jake
BiKyOC,Palmer-Brown,Erik
bIVObv,Pines,Donovan
bJemQ7,Higuita,Cristian
BJjjyN,Freeman,Tyler
BJn3b7,Martinez,Tomas
bJV2Ff,Barraza,Luis
bjXK36,Iraheta,Marvin
bJyLGh,Jahn,Adam
Bk2CoZ,Prim,Santiago
BK2oIy,Campos,Diego
bkb1KS,Veron,Gonzalo
bkh8cl,Besagno,Nikolas
BKKgw1,Romero,Abraham
Blf7Fc,Desler,Mikkel
BlhAMc,Murillo,Jesus
bLmPwM,Hildebrandt,Mitch
BlWTft,Larsen,Emil
BlxMEg,Clark,Colin
BMd3BX,Toklomati,Idan
bMixTQ,Emory,Logan
BMnFEr,Facchineri,Gianfranco
BmPOh7,Jarju,Mustapha
bmvDGF,Ward,Grant
BMZ91F,Agbossoumonde,Gale
bNohH5,Manning,Anthony
bnx9qp,Habibullah,Kamron
bOhrCB,Sanneh,Tony
BOLhNz,Oregel,Sergio
BOODsn,Schlegel,Rodrigo
bOxAWJ,Hemming,Tyler
boxibc,Halliday,Michael
bP1twF,Anderson,Owen
bp8s4U,Hagen,Nicholas
BPbL12,Sabovic,Besard
BpcIa0,Oblitey Otoo,Jeffrey
bpTIMC,Sanchez,Vicente
Bpyr6V,Kemp,Taylor
Bq4inH,Silva,Xande
BqR8ej,Gaines,Julian
bQZL8X,Sarkodie,Kofi
BRfXjk,Edwards,Tom
bSacoi,Hall,Tyler
bSDoWT,Davis,Jake
BTh8Qx,Ledesma,Emmanuel
btKl5g,Adams,Tyler
BTmKx4,Pepi,Diego
btTzZf,Alamo,Charles
bty2Tv,Fernandez,Nick
bU8vVW,Bender,Jordan
BuFges,Mera,German
BuT1k3,Nane,Joseph
BUTBOo,Ianni,Patrick
bvatOF,Leiton,Jose
BvuMgK,Figal,Jorge
bW2Clc,Leonard,Marshall
BwnFPZ,Etienne Jr.,Derrick
BX8sVX,Morales,Julio
bXCtrn,Zambrano,Cesar
BXQAyf,Herron,Andy
BxqxrK,Ockford,Jimmy
BxXPF1,Junior,Gilberto
ByjqNP,Jordan,Bryan
BzEOoG,Kah,Pa Modou
C0HR54,Herman,Ryan
C1iEXE,Reginaldo,Joao Pedro
c1pTNY,Tribbett,Ken
c2Jp9o,Brown,Brian
c2Rvzx,Johnson,Eddie
C2TFQe,Surman,Finn
c3jEi9,Mediate,Domenic
c3sU8G,McKendry,Ben
C40z2E,Jarvis,Aiden
C4nn8g,Schunk,Ross
C4pCXq,Lombardo,Andrea
C6frfw,Schoeni,Kenny
c7saC0,Walker,Nick
C7widn,Zuparic,Dario
c8p2HU,Epps,Marcus
C95qd2,Edwards,Brian
CAAJWk,Rolfe,Chris
cantBm,Firmino,Nick
Carvks,Didic,Amer
CbbgNi,Morales,Javier
CbOMGX,Messoudi,Zakaria
CBWXS3,Paulo,Marcos
cCrNev,Alves Santos,Antony
Ccrtqk,Glad,Justen
cDNnlL,Ahmed,Ali
cdrCwf,Elenio,Cory
CDrlwH,Emeghara,Innocent
cDVP5W,Gomes,Fabio
cE3je0,Bieler,Claudio
Ce83Be,Laryea,Richie
cERynK,Locadia,Jurgen
ceUOcV,Thoma,Andy
cFBR8U,Grendi,Alex
cfcybV,Gonzalez,Mario
CFJIRk,Arokoyo,Gbenga
CFPtG6,Miranchuk,Aleksey
CG42bI,Flach,Leon
cgA1zf,Mullan,Brian
cgdw2P,de la Torre,Luca
cgMOrY,Turner,Gavin
cgzEga,Musovski,Danny
Ch0tfo,Lopez,Porfirio
CH6ZRh,Meira,Joao
cHfyZd,Young-Pyo,Lee
cHoWNY,Lopez,Luis
CHQQJV,Lassiter,Tyler
ChQQv8,Wagner,Blake
cieG5M,Perez,Javier
CisZc9,Tubbs,Garrison
cJ1aFl,Cuevas,Mauricio
CjMQsK,Araujo,Cesar
CJzUoQ,Maund,Aaron
cK0Vi9,John,Avery
Ck5rp5,Stewart-Baynes,Kimani
cK6hjh,Colman,Josue
CkBqtZ,Quinn,Andrew
CkciXk,Dunn,Matthew
CKczxp,Rodriguez,Carlos
CKh2qm,Dalglish,Paul
CkHzS4,Rea,Sean
ckUH1v,Castellanos,Valentin
CkxEaC,dos Santos,CJ
cKyCgG,Boskovic,Branko
Cl8aCU,Bauer,Josh
cLDKDb,Zamudio,Luis
CLgiMz,Reynolds,Samuel
cLiRyW,Dajome,Cristian
cllVKX,Pecile,Damiano
clmdIY,Russell,Darel
clQDJv,Smolyakov,Artem
clQi4j,Mehmeti,Adri
Clxk8J,Delgado,Patrickson
cmffew,Flores,Gilberto
CmiJhj,Rodriguez,Diego
cmrjK0,Stefanelli,Nicolas
cMRRF2,Dean,Jonathan
cmxy5F,Townsend,Casey
cNayJX,Patino,Santiago
CNckIc,Mikulic,Josip
cNQ7SC,Gil,Nacho
CNsM7w,Brown,Calle
cNv6QF,Ustruck,Erik
COWajH,Richey,Spencer
cOXJmm,Chirila,Stefan
coXnYt,Brewer,Shaft
Coynyz,Flanagan,Avionne
CpdcXE,Moore,Shaq
CPIwBi,Zemanski,Ben
cpl88R,Pereira,Michel
cQ8Kia,Polster,Matt
CQBbpZ,Reynolds,Andre
cR4IAV,Martinez,Pity
CrKeGg,Thorrington,John
cRKhQT,Portillo,Justin
cRM5Zv,Puig,Riqui
CRRZiD,Tello,Cristian
Cs0MeV,Ngwenya,Joseph
CScFLy,Vincent,Brandon
CSEOgq,Wilson,Danny
cSfLaE,Cummings,Harold
cSHrEA,Graczyk,Mike
cSNgPX,Schweinsteiger,Bastian
CsZsiq,Powell,Alvas
ct6553,Akindele,Tesho
cT6La2,Earls,Danny
cT8ZnN,Johnson,Will
ctBLME,Henry,Thierry
CTcgx2,Martin,Jose
ctkEPV,Dhillon,Justin
cTXW2N,Walters,Paul
cUnz4C,Pierre,Delentz
CusXcy,Klich,Mateusz
cuuBJL,Awuah,Kwame
Cv3itV,O'Brien,Ronnie
cVJt6e,Priso,Ralph
CVrvYc,Delgado,Mark
cVyc3X,Rosales,Joseph
CVykl1,Hundley,Matt
cWBTtL,Kinumbe,Daniel
cWXxmj,Morrow,Justin
cyA3wp,Smalls,Tyger
CyIru6,Perez,Jonathan
CZ6M66,Ferreira,Dejair
czeTxD,Simpson,Jay
CzU5DA,Barouch,Orr
czVSMH,Pierre,Neil
cZwTpc,Iro,Andy
CZYqaO,Fernandes,Gerso
d0FqsB,Thomas,Mikah
D0T4Ad,Barklage,Brandon
D1Ruk6,Vasquez,Elias
D1TqN1,Mendoza,Stiven
D2BXbk,Adams,Kyle
D2NtS0,Arfield,Scott
D48ImH,Baladez,Bradlee
D4Dzri,Abang,Anatole
d4eTAd,Reid,Adonijah
D5h6dr,Greig,Kyle
d7JVaD,Ledezma,Richard
D8CVgY,Gyau,Joe
D8f0k4,Gaudet,Derek
d9Wss4,Megiolaro,Phelipe
d9WxRW,Silvestre,Mikael
Da8a3o,Buck,Noel
DAd7l5,Auguste,Charles
DakSLu,Escobar,Andres
DAlvbh,Arango,Cristian
daQzYP,Armstrong,Stuart
dbDBRH,Usanov,Maxim
dBJhLq,Pause,Logan
DCAOs6,Mendiola,Raul
dcC9DX,Moss,Brandon
DcH4r4,Chara,Diego
DDDPrA,Rodriguez,Lucas
dDggZp,Dempsey,Clint
DDgPHg,Mansaray,Victor
DDNaDS,Diomande,Adama
dDVAfz,Ngando,J.C.
dDybVh,Alvarez,Carlos
DeGPJq,Baudet,Julien
DeyRk0,Flood,Gary
dFXt5R,Valencia,Jose Adolfo
DGbG7u,Bekker,Kyle
DgUvrh,Borja,Felix
dGvzvw,Findlay,Stuart
dh4Xg1,Rooney,Wayne
dIPESl,Friend,Rob
DItyLw,Wynne,Marvell
djA37W,Rodriguez,Maximiliano
dJaZbt,Leibold,Tim
Dji50y,Morgan,Lewis
djK2K2,Nicholson,Sam
djkhjR,Gonzalez,Jesse
djLK4t,Taylor,Jermaine
djuU4k,Nyassi,Sanna
DJwOdD,Hallisey,Connor
dJzpe6,Rusmir,Dejan
DKegl0,Mendez,Jhegson Sebastian
DKH3v4,Stokes,Aidan
DkvE88,Cato,Cordell
Dkxffs,Cudicini,Carlo
DL4VsM,Gazdov,Emil
dl6O5J,Smir,Alec
dldTOj,Pineda,Victor
DlduII,Fanni,Rod
dLfDIg,Pereira,Daniel
dlqZl0,Kolmanic,Zan
DmaHrR,Markanich,Anthony
DmD4LV,Zusi,Graham
dMfl5b,Garcia,Boniek
dMjvcn,Kei,Axel
DmJVZE,Fajardo,Jose
DmLirY,Silva,Kevin
Dn5fEa,Klimala,Patryk
dnfhTS,Lamah,Roland
DNkA6U,Francis,Shaun
dNlq1q,Cichero,Gabriel
DntyoL,Hamilton,Anthony
DOFqDs,Maldonado,Denil
DORm5z,Bacelar Martins,Talles Magno
dp2lVe,Washington,Bryce
dPcIuM,Arnoux,Cody
DPjjVd,Bolanos,Miller
DQeDCd,Trapp,Wil
DqmmeI,Hernandez,Jose
DqmQSQ,Burns,Kevin
dqVgGg,Ribeiro,Antonio
dR1Jd9,Anderson,Sebastian
dR883T,Campagna,Matteo
dr9GHz,Burse,Ray
DReIRt,Wootton,Laurence
DRsH9h,Edwards,Nathaniel
dSdGMK,Pogatetz,Emanuel
dsf8Kf,Jakupovic,Eldin
DSiDsT,Dally,Rashawn
dslMuG,Lowen,Eduard
DtFzzS,Purata,Juan Jose
dtgoTz,Loturi,Victor
dtHd0Q,Sapong,CJ
dtkLkk,Cascante,Julio
Du0LCa,Bassett,Cole
DuKbRE,Anchor,Max
dUnNkj,Teuchert,Cedric
dUxZ6M,Keel,Stephen
Dv4jY2,Harkes,Ian
DV6kCe,Onuoha,Nedum
DvAbnA,Alvarez,Pablo
DvbjNu,Somi,Gabriel
DvDMEg,Trusty,Auston
dvnA5V,Rice,Barry
DvtGby,dos Santos,Jonathan
dWfBI0,Rowles,Kye
DWlT3e,Koffie,Gershon
dwQmnf,Creavalle,Warren
dxX8Hf,Baribo,Tai
dY6XQG,McMahen,Ryan
dyjEdO,Gillingham,Blake
DyJPVf,Loftus,Chris
Dymyxw,Saucedo,Sebastian
dYQ4SX,Robson,Barry
dyZbTE,Kinda,Gadi
dYzxdt,Gerba,Ali
dZqfiw,Folan,Caleb
dzr9vY,Mota,Jean
DZUYqS,Senderos,Philippe
dZY14I,Barnetta,Tranquillo
e02eOR,Pozuelo,Alejandro
e1k6Dm,Engel,Lukas
e1rJzB,Williams,Andy
E1vSM3,Marsman,Nick
e2c9ix,McLaws,Shawn
E2kbLh,Hyland,Kyle
E2NSYY,Juninho,
e3C87p,Monlouis,Zane
e3mQhe,Songo'o,Franck
E3ukys,Ebobisse,Jeremy
e5TA0r,McCabe,Tommy
E5weZc,Klenofsky,Eric
e6Mheb,Parente,Isaiah
E6ORRA,Fernandez,Collin
E6vqQt,Paredes,Cristhian
E7fFBJ,Dunivant,Todd
E7WST1,Pineiro,Rodrigo
e8BMv5,Diallo,Bradley
E8DQAa,Soffner,Luis
e8iXgt,Robinson,Jalen
e8ukgN,Lillard,Grant
E8yAGv,Diop,Clement
E97xVG,Nikolov,Oka
E9rjUf,Perez,Adrien
ea5MKS,Becher,Simon
EAexTa,Asad,Yamil
EAFUNN,Mansally,Kenny
Ebkys7,Walker,Matt
EbvvzS,Diouf,Mamadou
ecf9DJ,Hscanovics,Raivis
EcQmyE,Waston,Kendall
EDCRiE,Imbongo,Dimitry
EdFWkn,Breza,Sebastian
EDjjI6,Koutsias,Georgios
EDpmum,Taylor,D.J.
EDz31S,Brandt,Connor
EeA8ED,Johnson,Tate
EEcgEA,Alexandre,Davi
EENGVu,DeLeon,Nick
eEQWvm,Lujan,Gonzalo
eeXfSq,Deplagne,Mathieu
efD35g,Degenek,Milos
Efpzlt,Eisner,Wilson
EfRMy0,Hegardt,Chris
efvSXN,Angulo,Jose
Efzf7H,Olave,Jamison
eg9vsK,Bonfigli,Emiliano
eGiU2V,McLoughlin,Ellis
Egje6n,Lyon,Charlie
egkR8r,Escobar,Fidel
EgpZLb,Mines,Ben
EhRMzm,Ilsinho,
eHvhl3,Raben,Sam
ei7uwB,Morales,Pedro
EiBOdR,Mukumbilwa,Georges
eiFnmJ,Techera,Cristian
EirC6j,Burling,Bobby
Eiwa4X,Mateos,David
ejASxH,Holliday,Nick
ejBnpA,Perez,Miguel
eJRg23,McNair,Paddy
ek8tIq,Johnson,Carlos
ELeguF,Evans,Brad
ElK6xX,Mirosevic,Milovan
eLSlFF,Kljestan,Sacha
ELu1Rn,Nyarko,Patrick
ElwWCz,Williams,Dicoy
eLxrkN,Reynish,Kyle
EmedQk,Musa,Petar
emf0bR,Ranjitsingh,Greg
emHXll,Hadebe,Teenage
en7AYF,Ojeda,Agustin
ENAAel,Caskey,Alex
eNG8Td,Beavers,Gavin
EnJSWH,Cilley,Cam
eNLErk,Radoja,Nemanja
eNnwdp,Tyrpak,Kristopher
EO5Ad0,Mattocks,Darren
EoHHD3,Jumper,Hunter
eoj6pF,Araujo Jr.,Paulo
EOK0o5,Stammler,Seth
eOkESk,Beltran,Tony
eoqzKb,Danso,Mamadou
ephAWk,Hasal,Thomas
EPOYlT,Godinho,Marcus
epV4KB,Antley,Conner
EQ3AJH,Vide,Joe
eQKq6X,Krol,Krzystof
eqMmWX,Real,Matt
eRd4Kz,Pore,Ryan
ErD9HV,Jamieson,Bradford
ERJie0,Barlow,Tom
erQUkt,Palacio,Nelson
ERu6lU,Berti,Glauber
Es0pAN,Stolz,Leo
EsBn6r,Bassong,Zorhan
EsjTBw,Sullivan,Quinn
EsLVKp,Neal,Jalen
Et7vVV,McMaster,Justin
ETfgle,Wondolowski,Stephen
Eu7iPA,Samayoa,Nicolas
euEa4S,Busch,Jon
EujBt6,Gomez,Emmanuel
euNss6,Oebster,Ernst
eW0FaQ,Torres,Roman
EW9sV6,Orozco,Jaziel
EwB3Xf,Friedrich,Arne
ewRe1W,Ostrak,Tomas
Ex8QZC,Bover,Ruben
ExdKPP,Harmse,Kevin
exDZL5,Altidore,Jozy
EXqzb8,Allen,Noah
exrQp2,Bush,Evan
exVgcv,Djeffal,Sofiane
Ey3Obw,Kaye,Mark-Anthony
eYAyfA,Janson,Lucas
eZXJVs,Meram,Justin
f1Gzy4,Chara,Yimmi
F2KQOJ,Teibert,Russell
F2rPau,Doumbia,Souleyman
F3Jrd2,Espinoza,Jhon
F4XO0D,Krkic,Bojan
F55CRS,Akloul,Mouloud
f5LSPK,Messi,Lionel
F5QfTD,Garcia,Chris
F6fjED,Buttner,Alexander
f7Hc88,Vrioni,Giacomo
f7oqhp,da Fonte,Mike
f7rRzt,Lima,Nick
F7z9U4,Herrera,Andres
f88AIQ,Rodriguez,Raul
F8jyF7,Ajago,Forster
F8YlLu,Cuello,Emil
f9qB8Q,Top,Jonathan
F9viL2,Cadiz,Jhonder
fA89Im,Reid-Brown,Tahir
FAC7i3,Martinez,Enzo
faozV6,Mears,Tyrone
FauY5b,Edgar,David
fAwPr4,Cupps,Christopher
fB6qyS,Paintsil,Joseph
FB8tbd,Bello,George
FBabH9,Ubiparipovic,Sinisa
fBj1qY,Farfan,Marco
FBXaHz,Jansson,Robin
fC3PEV,Abila,Ramon
FchukV,Guido,Alejandro
FCLazT,Callens,Alexander
FD8AFH,Dorman,Andy
FdC6qr,Semmle,Oliver
fdENQo,Bornstein,Jonathan
FDP9V5,Zayner,Jed
fDSDXb,Zahibo,Wilfried
fdT9Zj,Joy,Ian
fduNkL,Kaji,Akira
Fdvr34,Nagamura,Paulo
FeBKOG,Blessing,Latif
FeeKHL,McCue,Erik
FEhQEJ,Ring,Alexander
FEiw6Z,Patterson,Randi
FEK97n,Sandoval,Devon
fETdrd,Alvarado,Alexander
FeTuav,Verhoeven,Oscar
fF7cXd,Joya,Benji
FF8FCB,Maxso,Andreas
FFuoXF,Nesta,Alessandro
fFv51h,Schewe,Ryan
Fg9JUc,Olum,Lawrence
FGNtLv,Jiba,Ryen
FGsd2I,Van Der Werff,Maikel
fGW6KY,Tarek,Amro
fHC1KU,Jara,Matias
fHhBTy,Zaha,Wilfried
fHpdxK,Ryan,Zach
Fhu2KB,Gutierrez,Brian
fI88Yx,Boli,Franck
FIOEDf,Miazga,Matt
FIqRty,Warshaw,Bobby
FJazv6,Eile,Noah
fJcvkU,Bukari,Osman
FJGSTK,Caraglio,Milton
fjiFpL,Adekugbe,Sam
fJqo6U,Wentzel,Michael
fkJSsM,Rojas,Matias
FkLXq5,Oyirwoth,Allan
FKtRNI,Sanchez,Matias
fkUlxI,Cheyrou,Benoit
fkyMuW,Marshall,Chad
FkZ3Ci,Sanchez,Ramon
FlEMFT,Waller,Corbin
fLR5j1,Telesford,Osei
FLt4x2,Bruseth,Heine Gikling
fMIvQy,Steindorsson,Kristinn
fMkcEu,Schuler,Chris
fmnoug,Bolma,Josh
fMPF67,Kawulok,Ryan
fmtLb7,Leitch,Chris
FMTZaC,Garcia,Rafael
fMYK9i,Moisa,Luca
Fn2mwZ,Armas,Chris
fNeg09,Schuler,Billy
fnMpsH,Ibrahimovic,Zlatan
fnV74I,Canizalez,Maycoll
Fodh6x,Cohen,Josh
FOzfy7,Lowe,Damion
Fp3Rc2,Sullivan,Cavan
Fp7SmW,Dekovic,Matej
FPiKCx,Leyva,Danny
FPjm0x,Moimbe,Wilfried
FpVTxg,Speas,Ben
Fq8XHF,Berdecio,Jamir
FQHhDL,Ndenbe,Logan
FqZTW8,Mapp,Justin
Frh5if,Curfman,Steven
fRlAds,Lundgaard,Ben
FrM9fh,Arregui,Adrian
FrphSi,Sousa,Andrew
FSbYxe,Miscic,Selmir
FScjnf,McManus,Tom
FSNzHc,Mitchell,Roald
FT0g8N,Cruz,Daniel
ft3SXW,Clarke,Rennico
Ft7ha9,Alonso,Osvaldo
ftKdB5,Teves,Dylan
FuDjl8,Moffat,Adam
Fue89u,Hyndman,Emerson
fUEfHh,Segura,Eddie
FuiQFs,Ferreira,Sebastian
FuQtJR,Tudela,Josh
FutbuW,Higuain,Gonzalo
fUVicr,Mulgrew,Timothy
FvXpYN,Martins,Thiago
FwBfHQ,Maldonado,Giancarlo
FWj7Xu,Crooks,Matt
fwjhxG,Hopkins,Jackson
FwwXa4,Zelarayan,Lucas
FWZXK9,Spangenberg,Trevor
fX8Ba7,Rossetto,Matheus
FXL4fQ,Moreno,Amando
fXtXDG,Mayen,Gerson
FXvorW,Russell-Rowe,Jacen
fyKdS9,Garces,Carlos
FZ0D5q,Smith,Joshua
fzAkmD,Baiera,Drew
FzkVN9,Farsi,Mohamed
FZndPC,Oka,Arsene
fzWGn5,Gavin,Michael
G0Br8e,Torres,Daniel
G0q5fh,Pineda,Mauricio
g1tvuC,Gabrielsen,Ruben
G1XsUH,Salinas,Shea
g2aEzo,Ondrasek,Zdenek
g2bTjc,Shipalane,Tiyiselani
G2Cu3i,Busio,Gianluca
g2lLE1,Martinez,Doug
G2Lzb3,Coria,Facundo
g2mEJG,Simonin,Clement
g3VBt9,Qwiberg,Joel
g4qaDy,McCarthy,Stephen
g5ZHdo,Rowe,Brian
G70XRQ,Gavin,Blair
G7JNUq,Vargas,Alenis
g7nvF6,Vallecilla,Gustavo
G8CiGO,Ring,Brad
g8txZZ,Yotun,Yoshimar
G9r4BL,Basuljevic,Arun
gAjPBY,Thomas,Hendry
GappWh,Marinovic,Stefan
gBhxcT,Vargas,Obed
gBqUkW,Crockford,Nate
GbybCb,Vaclik,Tomas
Gc0jzk,Filho,Adailton
GC2nc6,Dick,Eric
GCc1Wt,Medran,Alvaro
gDCHhi,Linck,Roberto
GdTztW,Ortiz,Pablo
gesGCD,Cordeiro,Ryan
gezYh0,Monteiro,Jerson
gF11lD,Jabang,Ousman
gFEQxy,Medunjanin,Haris
gfk6WD,Hoilett,Junior
gfSOBj,Kronholm,Kenneth
GfTnn8,Mbolhi,Rais
GGjuQh,Horst,David
GgK2Zg,Nasco,Joe
ggxjBc,Halsti,Markus
GHAwwG,Laba,Matias
gHMBjE,Palsson,Victor
gHmwnS,Barson,Chad
ghX5T6,Yamane,Miki
gi1iMe,Carmona,Wikelman
giiXrx,Cochrane,Ryan
giN8bg,Duckett,Bilal
gIQStN,Matan,Alexandru
gj70YJ,Froese,Kianz
Gk8VRs,Boyd,Kris
gkma7Y,Boehmer,Isaac
gKVopf,Duenas,Erik
gKxUeh,Puppo,Federico
GkymGm,Meyer,Wyatt
GLa7vF,Alashe,Fatai
GLVYKv,Caicedo,Luis
GLy5Uf,Jensen,Isak
GMbx6l,Cochran,AJ
gMcf8t,Sharp,Charlie
gnENX1,Samake,Gaoussou
gntYMu,Armour,Adam
Go2oSO,Cabrera,Walter
GOGlZc,Blake,Andre
goITcC,Earle,Otis
Gomcdk,Lasso,Forrest
goXlWO,Julio,Anderson
GP1kwm,Smith,Khano
GpAX8O,Tierney,Chris
GPIyE2,Farkarlun,Jimmy
GPR9M7,Jackson-Hamel,Anthony
GPuY3G,Hague,Jimmy
gQ9pJJ,Mallace,Calum
GqBHoE,Tchani,Tony
GqC5tx,Lade,Connor
GSCEWA,Borso,Dylan
GsRwD3,Aguilera,Raul
GTC98A,Martinez,Mario
gtF9Op,Velasco,Alan
guEodg,Medina,Jesus
guhJNZ,Kelly,Dane
GUI1xO,Minoungou,Georgi
gUnP8v,Bevan,Myer
guPXD0,Yazbek,Patrick
Guq5sf,Doyle,Kevin
GUqRku,Jimenez,Stiven
Guxe0o,Djalo,Yannick
GV0Wrb,Figueroa,Maynor
Gv4y6M,Mendoza,Edwyn
gvADJo,Wood,Bobby
gvMXGU,Cropper,Cody
GVQRXX,Glasgow,Omari
GvUAIL,Wolff,Josh
gVz8bY,Tinnerholm,Anton
GwFnWx,Barber,Grayson
GwRoUb,Paponi,Daniele
GwWInA,Johnson,Levonte
GxCXSs,Garcia,Mender
gxHlLE,de Lima,Artur
gY6KgQ,Pariano,Nick
gYBoOh,Hamalainen,Nicholas
gyoiVU,Akpunonu,Joey
GYqjtS,Richter,Ryan
GyTMHg,Ochoa,David
gzRETw,Jungwirth,Florian
gZtyLO,Valentin,Julian
H0BrPw,Cummings,Omar
h0detA,Miller,Jansen
H0ExTF,Marshall,Yohance
H0FRjz,Toia,Donny
h0UkXf,Akinmboni,Matai
H1bsxo,Zura,Edmundo
h1geS9,Gruezo,Carlos
H1WgOX,Soares,AJ
H2h2fr,Ciani,Michael
h2Q8gK,Duka,Dilly
h2UqFo,Jackson,Larry
h39MKB,Ownby,Brian
H3wQ0A,Walker,Jamil
h4LhPb,Flores,Danny
H4vl8I,Mitchell,Trey
H595CT,Rodriguez,Brian
h5BWrj,Sturgis,Nathan
h5LkLN,Hollingsworth,Marshall
H6eQim,Pinto,Malik
h6wMat,Sealy,Dante
H77c1E,Canouse,Russell
h8Kw1N,James,Jordan
H8tn05,Ocampo-Chavez,Alfonso
h8YhHp,Suarez,Luis
H9pe9s,Villa,Gio
H9UNos,Monsalve,David
hA58vv,Coello,Alonso
HabI6S,Owusu,Prince
HANlMX,Borrero,Dylan
hawvKX,Brett,Neco
hBSTSf,Rodriguez,Victor
HBXWhj,Busquets,Sergio
hc5XRQ,McLaughlin,Jimmy
HceHXB,Ojeda,Martin
hcMV5O,Virtuoso,Ricardo
Hcu71w,Gimenez,Gaston
hcUaE6,Panicco,Elliot
HDcb35,Eneli,Emeka
hDIqRU,O'Neill,Shane
he2iVw,Steffen,Zack
HEXcjb,Gbandi,Sandy
hf3y8P,Brown,Javain
HFMbYu,Benitez,Julio
Hg3e5c,Dixon,Alex
hhHOuG,Damiani,Bruno
hI7qce,Arroyave,Jacob
hiqyN8,Aguirre,Daniel
hiUzsU,Ortiz Flores,Rey
hJ8g9F,Germanese,Joe
Hj9gE3,Hall,Frederick
HjpBVG,Camara,Hassoun
hK165V,Zimmerman,Walker
hkF92y,Pitchkolan,Aaron
HkGreO,Ellis,Kevin
hKHjfv,Davidson,Jun Marques
hkhSIU,Alvarenga de Oliveira,Matheus
hkJe9p,Bravo,Claudio
HkLSx3,Martinez,Cristian
HKUBR2,Rivero,Martin
hlbE3b,Spector,Jonathan
Hlij7t,Rando,Alex
HM73ea,Nikolic,Nemanja
HMPyT1,Barrios,Michael
hmqTQM,Agudelo,Juan
hmu5PA,Rawls,Andre
hn0DA5,Cissoko,Abdoulaye
HNaMC1,Franco,Marco
ho3ACI,Cardoso,Nathan
HOb9oQ,Espinoza,Roger
HoZ82A,Gaul,Bryan
HplY77,Rindov,Chris
hPojKT,Vom Steeg,Justin
hpRyLJ,Wallace,Rodney
HpU2nR,Sloan,Shawn
hqAQbH,Hedges,Matt
HRDin0,Solle,Ryan
HrJ1WT,Wilson,Bruno
hrtmLA,Yeboah,Yaw
HrZjRd,Martins Peglow,Joao Gabriel
HSaHXU,Tucker-Gangnes,Dylan
HSBtU9,Perez,Matias
HSG0lY,Cruz,Allan
HSnPRv,Holody,Mike
hSqhmD,Polak,Tyler
HSYFP1,Fontana,Anthony
HUL1xh,Biro,Guilherme
HuLv02,Rose,Andy
HV9Cts,Parsemain,Kevin
Hva2gm,Graham-Roache,Owen
HVFSYT,Loria,Marvin
HvSLzs,El Khalifi,Rachid
hwNiN6,Jones,Isaiah
hWrb77,Plata,Joao
HX3NfI,Viator,Eddy
Hx4eai,Da Silva,Eduardo
hxRmeY,Rivera,Wilfredo
HXu1ro,Insigne,Lorenzo
Hy7MsH,Franchino,Joey
hyGu4X,Somma,Davide
HyNy6E,Pereira,Gabriel
HypM7R,Thiam,Khaly
hZb7mJ,Cortez,Chris
HZHrAe,Lopez,Claudio
hZqcXk,Davis,Sean
HZshSw,Minda,Oswaldo
i0eEcm,Arnaud,Davy
i25D2Q,Klein,Johnny
I2JfNC,Agyemang,Patrick
I2tF0O,Smith,Blake
I2VytZ,Johnsen,Bjorn
i3kLu4,Miljevic,Matko
I3MEUZ,Costly,Carlo
I4dIp9,Perrinelle,Damien
i4WtPy,Viana,David Junior
i5j4ZE,Farias,Facundo
I5NNw1,Estrada,David
i6BGJn,Ragen,Jackson
i6P8hs,Cerrillo,Edwin
i6RBJe,Moralez,Maxi
I7OK4Z,Pochettino,Tomas
I7Ymb4,Franklin,Kobe
i8aU36,Hunter,Taylor
i8fIXQ,Owusu,Samuel
i9ORXQ,Torres,Joaquin
I9pP1J,Yusuf,Alhassan
i9uZNU,Camargo,Miguel
iaevdy,Ribeiro Da Silva,Leonardo
IaiuF5,Moreno,Marcelino
Iax3zA,Ream,Tim
iBmM55,Obayan,Sunday
IC9Lta,Ruthven,Tyler
icFCfh,Jones,Jermaine
IcG8LF,Westwood,Ashley
icHVLP,Ramos,Rodrigo
IcM9bY,Hernandez,Jason
icr1q7,Hall,Julian
iDCQJg,Dawkins,Simon
IdDwFP,Hunou,Adrien
iDnFjI,Williamson,Eryk
Iem4bZ,Freese,Matt
ieu0xB,Bloom,Mark
ieX5y2,Martinez,Josue
iFFTQK,Valentin,Zarek
iFjQRt,Olivares,Christian
iFK3px,Benezet,Nicolas
IFQMwh,Tolkin,John
Ih15eD,Romero,Tomas
ihde82,Warner,Collen
iHGWRZ,Frankowski,Przemyslaw
iHjYrw,Barnes,Giles
ihz1hE,Pulido,Alan
iIH2iT,Souter,Kevin
iiN4pS,Urso,Junior
iINwu5,Togashi,Cayman
Ijn3x2,Palencia,Sergi
ijpR7v,Gonzalez,Miguel
ikHVOp,Dos Santos,Gilberto
ikjREh,Hernandez,Dominick
IL0Q2M,Valencia,Felipe
iLCiLg,Sims,Willie
ilq4UV,Jeahze,Mohanad
iMbWNu,Reilly,Will
IMFeZP,Touray,Sainey
IMkLCs,Benteke,Christian
IMvNa1,Lundt,Ben
In0m5s,Goslin,Chris
IN8Ww1,Hamilton,Sam
iNOkfO,Wileman,Chase
INsrCq,Irwin,Clint
inu6pP,Wyke,Laurence
Io7quR,Ikangu,Elie
IOjeRm,Huckerby,Darren
IoVmtM,Caccavale,Salvatore
IOYyDb,Azira,Michael
iPC8Y4,Olivas,Sal
iPtNZZ,Ketterer,Logan
IqCpBh,Lumley,Stephen
iQFNix,Czichos,Rafael
IqFt8s,Odoi-Atsem,Chris
IQl8I9,Venegas,Johan
IQLus3,Fernandez,Sebastian
IqMCiA,Feilhaber,Benny
iqrS5h,Polo,Andy
iQtoIi,Keane,Robbie
iQTszU,Gatt,Joshua
IqVBLB,James,Julius
iqvzLI,Lynn,Jack
ir0GaC,Richards,Chris
ir5UVH,Jakovic,Dejan
iRS1kp,Adedokun,Michael
irwlvY,Campana,Leonardo
irYye7,Dielna,Claude
IS7IoT,Jordan,Greg
iSIrAF,Besler,Nick
iskH5E,Jimenez,Jonathan
isnpAC,Beckeles,Brayan
iSzzRM,Valenzuela,Milton
it7ECT,Ansah,Eugene
ITHlTr,Przybylko,Kacper
itj3AC,Wells,Zachary
itw82c,Rodriguez,Allan
iunWpx,Worra,Travis
Iuvo7i,Chenkam,Felix
iUXJWz,Ebert,Eric
IuYwLI,Le Toux,Sebastien
IVHg8n,Ihemelu,Ugo
IvKAG7,Piermayr,Thomas
iVRIiM,Bakrar,Monsef
IwqoAS,Mechack,Jerome
IwTjtR,Castillion,Geoffrey
iWudVg,Miglioranzi,Stefani
iXFdu4,Garay,Jeremy
Ixg6qR,Meara,Ryan
IxHodQ,Romero,Brian
iXlt2Q,Sylvestre,Brian
iXvxrl,Ramos,Ruben
iy7dDg,Maric,Marko
iydA8w,Imperiale,Andres
iYK8Oa,Renteria,Emilio
iYN3dp,Chirinos,Michaell
IzDHZu,Makhanya,Olwethu
IZo34K,Henry,Kobi
iZoZT0,Kaku,
IZuVlf,Iraola,Andoni
IZvXE5,Manzonelli,Brandon
Izx7Gs,Barry,Shawn
J0Wz5r,Iniguez,Agustin
j0ZHJG,Savarino,Jefferson
J1FcNS,Berhalter,Sebastian
J1IOjh,Rugg,Charlie
j1VGLB,Nelson,Michael
J2s9S6,Scott,Kyle
j4sIQD,Glavinovich,Ian
j55wZP,Achara,Ifunanyachi
J5UFFR,Caldwell,Jeff
j6nM2m,Cordeiro Pirani,Gabriel
j7JnVH,Blom,Njabulo
J8DaVj,Reyna,Claudio
J8igRO,Augusto,Raphael
j8Mib2,Garcia,Irving
J9bIXi,Yankov,Dominik
J9RPyz,Hlongwane,Bongokuhle
JawXkV,Dragavon,Ben
JB29pr,Partida,Kevin
JBC8Xh,Flores,Deybi
JbkYE4,Carballo,Felipe
jC10Zk,Nkufo,Blaise
Jc1wl4,Kallman,Brent
jC2yO5,Endoh,Tsubasa
jcFGuq,Meyer,William
JCUuze,Sinovic,Seth
jcxLVr,Dudar,Emiliano
jCykVF,Digao,Rodrigo
jdA93g,Alcaraz,Johnny
JDKF0C,Joseph,Peterson
JezD68,Hustedt,Jacob
Jfliqn,Baiden,Kingsley
JfncnP,Dunfield,Terry
jGACcL,Privett,Andrew
jGdn8E,Palomino,Marcelo
jgNQP4,Anderson,Oalex
JGtXiW,Louro,Evan
Jh3OXQ,Larin,Cyle
Jhh1Q8,Svatok,Oleksandr
jHPTZb,Muyumba,Tristan
jHUSTi,Brekalo,David
jikYIp,Pacifici,Matt
jJ6suq,Holmes,Duane
jJ8MAH,Castellano,Jesus
jJfAGK,Owusu,Leonard
jJPVTg,Nakajima-Farran,Issey
jJq5Wr,Emnes,Marvin
jKb0KK,Halsey,Bret
jKLAAu,Harrison,Jack
jKMAZc,Ekk,Maximus
jKMQPw,Trujillo,Ivan
JkMy8u,Morsink,Kurt
jKpBb7,Pukki,Teemu
jKqFLI,Jara,Agustin
jKXyFh,Silveira de Mello,Vinicius
JKYDms,Thompson,Wells
jkZIts,Blanco,Sebastian
jla6SN,Carreiro,Fred
jLckXp,Kizza,Edward
JLkEgX,Silva,Alejandro
JlWgqx,Rusin,Brad
jN2Loe,Walker,Kenney
JO0m5k,Fernandez,Alvaro
Jo3Z7P,Ordaz,Nathan
jp2OwT,Ramirez Chacon,Jeizon
jpc3w9,Ustari,Oscar
jQ4Pau,Jung,Ho-yeon
JQDrzI,Marks,George
jqvq82,Nazarit,Cristian
JR2DYl,Delem,Jordy
jR6pir,Peterson,Jacob
JrBDt3,Brown,Chris
JRH60F,Marsch,Jesse
JrpLbI,Mantilla,Matias
JRsSHv,Dejaegere,Brecht
jsuTU4,Da Silva Cafumana,Manuel Luis
jSVEZl,Brady,Chris
JT3Mo2,de Leeuw,Michael
JT8wbO,Namoff,Bryan
JtdS2a,Chavez,Marvin
jTPhvJ,Gulley,Kellen
JtVHx7,Adeniran,Samuel
jtXVWa,Verfurth,Collin
Ju38xZ,Seamon,Michael
JUdPUa,Sikora,Victor
JUnJwX,Reynolds,Justin
JUU7Lr,Tanasijevic,Strahinja
JUWWHA,Hot,Sacir
JV7u2Y,Blondell,Anthony
jVirPP,Gonzalez,Jorge
JVln3D,Adjei-Boateng,Nana
Jw0hUQ,Bedoya,Daniel
jw5TdH,Spicer,Tyrese
JWIucU,Conner,Drew
JWlZ7g,Cornelius,Derek
JWysKZ,Mishu,Luke
jxCfwc,Orellano,Luca
JxEfzV,Kirk,Quavas
JXH3wT,M'Buta,Matthew
JXNLcd,North,Brad
jY2OJb,Boltz,Dean
jYKR59,Korca,Amet
jYKYCB,Byrne,Nathan
JyvW2n,Gaven,Eddie
jyW2kU,Torres,Adyn
JyXhb9,Gloster,Christopher
JZ0Sxb,Knighton,Brad
jzpphc,Tainio,Teemu
jzRpy8,Lloris,Hugo
k0GAgw,Kann,Alec
K0HhIh,Tzionis,Marinos
k0HUbs,Corrales,Jorge
K27jpC,Kashia,Guram
k2gTEp,Alas,Jaime
K2p7Cz,Kijima,Hosei
K3DUrq,Valakari,Onni
k3iSkE,Dos Santos,Giovani
k3LusM,Suleymanov,Shapi
K3PxUp,Valencia,Jhojan
k4Fik1,Jones,Cobi
K5eSuw,Duggan,Morris
k5jk9i,Krastev,Filip
K5l2wA,Fuchs,Christian
k5MXZG,Sanchez,Emmanuel
K63AOB,Bolkan,Scott
k6k4d1,Bunbury,Teal
k6nyVc,Porter,Cameron
k6uQlT,Hopeau,Shandon
k7acxq,Smith,Donnie
K7cdAu,Hibbert,Jayden
K7DHyI,Cyrus,Daneil
K7ZVIz,Copetti,Enzo
K86tYk,Wheeler-Omiunu,Andrew
k9dLHz,Augusto,Alvaro
KAkBi2,Cronin,Steve
KanUoz,Dwyer,Dom
kb9xbt,Atouba,Yazid
kbeKdN,Vassell,Peter
kBpKoL,Gil,Luis
kCJe8d,Serioux,Adrian
kcLd62,Schmidt,Justin
KcoBHW,Bibout,Aaron
kCVgJn,Franco,Ivan
kD75aY,Offor,Chinonso
KdAIIk,Lapkes,Stanislav
kDBqSW,Nguyen,Lee
kDTOl2,Lopez,Benjamin
ke40xO,Silva,Danilo
keuWlX,McGuire,Duncan
Kf0aXy,Godbolt,Aaron John
kF7h6J,Pinho,Stefano
KfaaSt,Hayes,Jacori
kFP0xM,Dunk,Reagan
kFpXHv,Gutman,Andrew
KFZz7Z,Sweat,Ben
kGkjn4,Romero,Cesar
KhQz5C,Choiniere,Mathieu
KHZAnJ,Jome,Ismaila
KI5LGa,Rivera,Sidney
KICzsY,Casseres,Cristian
KiNRru,Jeffrey,Jared
kIOckp,Qasem,Ahmed
kj7uy3,Martinez,David
kjvYUy,King,Stephen
kjwDkp,Rogers,Robbie
kJYvOt,Daniel,Keon
kKu7TW,Johnston,Alistair
kKXiX3,Voloder,Robert
kL4cVy,Nimo,Alex
klk25j,Johansson,Adam
kLKxJx,Meredith,Bryan
klPZul,Laventure,Jerrod
KM1k7o,Navarro Leal,Rafael
kmAtD4,Batista,Lamar
kMCw1E,Camacho,Rudy
kmgDb0,Gall,Romain
KMJZpr,Allende,Tadeo
kmOe8q,Awodesu,Femi
KMOv2W,Boswell,Bobby
Kn4SqA,Thompson,Brooks
kNa9r3,de Jesus Rocha,Geovane
KNi915,Rossi,Diego
knKAcH,Gasper,Chase
KNLKYb,Griffiths,Jason
KNnrPD,Allsopp,Danny
kOPnwY,Gala,Gabe
Koqq1O,DeLaGarza,AJ
KPXT09,Bilyeu,Justin
KQ9I5x,Davino,Dulio
KQDDVG,Brugman,Gaston
KqfaFl,Manoel,Elias
kQhBDf,Luquinhas,
KQMg7I,Emmings,Fred
kQy2j5,Pope,Eddie
KR2qnF,Acosta,Bryan
KrGuYB,Washington,Austin
krpIOY,Westfield,Frankie
Ks7PWn,Umana,Michael
kSbhff,Correa,Jose Erik
ksbn2w,Kudo,Masato
kSEhUE,Oduro,Dominic
KSFhFG,Fleuriau Chateau,Nicolas
KSkctX,Swanson,Ben
kT4j7a,Ofori,Ebenezer
kTEh01,Rodriguez,Emerson
KTSrOB,Gonzalez,Marcos
KUeN9O,Amponsah,Prince
kUjys6,Amarilla,Luis
kUkkmY,Garcia,Danny
kuSNTn,Toja,Juan
kUYBsc,Crowe,Shawn
kuzD2m,Schwake,Brian
kvdeNO,Katai,Aleksandar
KvFyUX,Merlin,Laurent
KvGbcX,Amiche,Kemy
kwB1rY,Maric,Marko
KwlSP3,Brynhildsen,Ola
KWpKVt,Pais,Mark
KWPmrz,Chijindu,Chukwudi
kwr8Re,Pettersson,Tom
kX41fe,Ayres,Jay
kXGqEp,Vargas,Jeisson
Kxy65Y,Takaoka,Yohei
KyJScX,Acosta,Kellyn
kykQw2,Lefevre,Wandrille
kyq2MP,Loera,David
KYVucE,Assi,Jean-Aniel
Kzc2gE,Penn,Josh
kZpIRr,Zelaya,Rodolfo
KzU12h,Cronin,Sam
l09yot,Boyens,Andrew
l0BLwL,Alseth,Oyvind
l0PT85,Miranda,Leonel
l0vGjG,Richards,Dane
l1paS1,Leone,Tony
L1rnm0,El-Mounir,Mohammed
l1uLWn,Hinds,Nick
l1Ztao,Kassel,Matt
L1zzuk,Reiman,Kevin
L3F9hR,Accam,David
l4ifOf,Kibunguchy,Nabilai
L4ndak,Tshuma,Schillo
L5GHRA,Thomas,Jacob
l5IVnm,Hoppe,Matthew
l5niea,MacKenzie,Liam
l6cfth,Kandji,Macoumba
l6q3w5,Goncalves,Jackson
l6uaaW,Bowen,Tristan
L74nxL,Pereira,Dion
l7bxNC,Horwath,Alex
L7jBUP,Luiz Moreira,Andre
L7qYrM,Bajraktarevic,Esmir
L7ZpYs,Lewis,Luca
L8Ul2a,Espinoza,Rodolfo
l8xhzA,Carrizo,Maximo
l9Eth4,Melia,Tim
Laca5f,Alfaro,Tony
lADXR5,Wright,Brian
laoINh,Alvbage,John
lAQKfa,Zubar,Ronald
lAYqej,Lancaster,Cameron
Lb2xZP,Babouli,Mo
lbMn3G,Enrique,Ramiro
lbTspE,Costa,Douglas
Lc5hhz,Baca,Rafael
LC6aVY,Pogba,Florentin
lcbunx,Castillo,Dennis
LchMdT,Durkin,Chris
lCvkDg,Rivas,Carlos
Ld9vFn,Sekagya,Ibrahim
LDOeed,Gomes,Caiser Sergio
LdrqSX,Zaher,Mike
LE9vcb,Moreno,Jaime
lebpPD,Ruiz,Sergio
ledBXl,Calderon,Diego
LEf1li,Jean-Baptiste,Andrew
lESesg,Mena,Jefferson
lf25q7,Khumalo,Thabiso
LFGVJ8,Rubin,Rubio
Lg6DN8,Morrell,Alex
lg9JeM,Kessler,Henry
LGeMOB,Abubakar,Lalas
lGN8sU,Uronen,Jere
Lh0eUq,Camargo,Sergio
LhAvH9,Davis,Eric
Lig8F1,Ruiz,David
LiYTrZ,Politz,Kevin
LJ0heP,McDonough,Brendan
lj8kGm,Longstaff,Matty
lJ8xL5,Alvarez,Fernando
lJWAHx,Estupinan,Victor
LK1Qm8,Fortes Chaves,Gabriel
LKIpmL,Beitashour,Steven
lkMdsm,Alvarado,Ventura
lksiXm,Kartunen,Andrew
Lma09Z,Kumado,Willy
lmKHWE,Duncan,Kyle
LmvogD,Wolf,Hannes
lN1Yyl,Muller,Luis
lNhlsE,Ciman,Laurent
LNzhvh,Edwards,Bobby
lO0tfC,Herivaux,Zachary
Lo5FRk,Miller,Kyle
Lo6rxO,Chiles,Kraig
lOXA0H,Woolard,Daniel
lP8lEy,Thomas,Andrew
Lq8lo5,Segovia,Telasco
lQIzbD,Zimmerman,Nick
lQM0bb,Kubo,Yuya
lQm8wI,Mfeka,Lindo
lqQLml,Hollingshead,Ryan
LQsSNE,D'Avilla,Dje
lRgKaT,Okwonkwo,Orji
LrPe61,Sserwadda,Steven
LrPgZw,Gil,Carles
LrTdjw,Croizet,Yohan
lRvYKQ,Rudy,Tyler
LsGP6q,Cisneros,Ronaldo
LsHWaf,Rodriguez,Missael
lslT3A,Vega,Daniel
lT1hxi,Albright,Chris
Ltq1me,Montero,Fredy
LTVPw5,Ulisses,Tiago
lu2UDm,Bartlow,Ethan
LUjR9U,Elcock,Edson
luLvfj,Rigoni,Emiliano
lULyQ0,Ilenic,Mitja
LuqITh,Fernandez,Brian
LUuj67,Harris,Alex
luXodc,Dellavalle,Lorenzo
lVhxgE,Carroll,Brian
LvuEWl,Salazar,Michael
lVX5bR,Allen,RJ
lvxNMl,Veselinovic,Ranko
lw8IIo,Metanire,Romain
lwakCH,Berry,Austin
LWgHKn,John,Will
lWS8Eh,Lindley,Cam
Lwt41D,Klazura,Greg
LX3KGj,Franco,Guillermo
lXC0yf,St. Ledger,Sean
Lxf6PZ,Giraldo,Tomas
LxP3tp,Lindpere,Joel
lYszhu,Bale,Gareth
lyV4Fg,Mensah,Jonathan
LZ195Q,Sims,Josh
LZGGqh,Langoni,Luca
lzs93F,Stuver,Brad
m0njfL,Baldisimo,Michael
M0Pmq9,Thomas,Simon
m0WCmK,Gilkerson,John
M0wNL5,Raybould,Ryan
M0wRop,Laborda,Mathias
M1HU2U,Terry,Jude
m25I5p,Jacquesson,Bertin
M2zr7A,Ghazal,Aly
m3aJg2,Applewhite,Christopher
M3POBc,Guboglo,Yuri
m3TYCz,Ulloa,Victor
m44QLs,Stanley,Aedan
m4RzlB,Wilmes,Clifton
m76EgK,Gutierrez,Cristian
m7esCT,Olsen,Ben
m8xrLE,Zavaleta,Eriq
M8ZgoI,Edward,Edson
MAApcj,Jones,Darwin
mALC23,Forbes,Jahlane
mArhhE,Lassiter,Ariel
mARyAy,Opoku,Kwadwo
Mbg7PD,Fletcher,Kristian
mbMo3p,Ngoma Jr.,Serge
mcC3zm,Torres,Christian
mCFV02,Atuesta,Eduard
mCpw6D,Dello-Russo,Michael
mcVfqS,McTavish,Devon
mD3qaU,Galvan,Braian
MDbcCc,Gold,Matt
mDiHEE,Rosales,Mauro
MDkDJp,Bikel,Janio
MDXsmY,Tessmann,Tanner
Me2wwN,Buddle,Edson
mE8jQh,Fadal,Ali
MEDsEX,Salim,Abdi
MeyM0E,Rios Novo,Rocco
mf1rZ9,Hawkins,Stuart
Mfclu7,Brown,Kyle
mFFnzx,Blackman,Jamal
mfgX8N,Hislop,Shaka
MFMaNZ,Hollinger,Femi
mFmGOw,Johnson,Sam
MFWtC5,Torres,Gabriel
mGkwtJ,Hoffmann,Ian
MgqXB3,Gomez,Gabriel
MgTb93,Salgado,Omar
mgvjAc,Rosborough,Tanner
MIhFlW,Thorarinson,Gudmundur
miLvDD,Larentowicz,Jeff
MisIKL,Santos,Maicon
mjGf7d,Trauco,Miguel
MjgYGm,Alvarado,Sean
MJi7Bs,Cancela,Jose
MJjBP9,Menendez,Jonathan
mjt2Pg,Suarez,Claudio
mKc2YE,Wiley,Caleb
MKnnK5,Lovitz,Daniel
Mkw67w,Thorkelsson,Robert Orri
MkXnZ4,Sundly,Alec
mlCDnL,Uhre,Mikael
MlN5HB,Fountas,Taxiarchis
mlnTL8,Reynoso,Emanuel
MmC18J,Maciel,Emanuel
mmrcxM,Sorga,Erik
mmsVnn,Baker,Cody
MmuHeE,Ricketts,Donovan
mN2WtK,Morris,Aidan
mNAcJ5,Pierazzi,Jean Baptiste
mNMl6v,Rueckner,Bryant
MNvoir,Pulskamp,John
mO4QBB,Moore,Luke
MoAwKE,Miller,Roy
moHwug,Mabika,Aime
MoQt2Q,Uzuni,Myrto
MordnN,Bye,Brandon
MP0k7q,Lancos,Chris
mp6WX6,Bernier,Patrice
mPjO7G,Armenteros,Samuel
MPYvIW,Iloski,Milan
Mqacn8,Mathis,Clint
mQEgGV,Alcivar,Jordy
MQf0Yg,Mihailovic,Djordje
MqfDK7,Doyle,Conor
mqFxM6,Walls,Casey
mQibtl,Jeferson,
mQy7yX,Morgan,Ashtone
MqzXVV,Piette,Samuel
mR4oO2,Valverde,Jefferson
mrTUxi,Campbell,George
mrtzhZ,Woodberry,London
mRzB0Q,Guzman,David
mt3LC7,Gleeson,Jake
Mt9E91,Fernandez,Julian
mTjY99,Parke,Jeff
MTpeDa,Higuain,Federico
mTq36C,Friberg,Erik
mtSVua,Salcedo,Carlos
MuBSTc,Apam,Onyekachi
MufvLN,Thomas,Ryan
mUvFDU,Lovejoy,Rob
muZsMt,Barroso,Leonardo
MvE2Jg,Pontius,Chris
MVzKRf,Frings,Torsten
MWiYqQ,Keller,Kipp
MWncZP,Yoshida,Maya
MX1Udk,Pasher,Tyler
MxaQea,Janicki,Greg
MxDIJp,Hansen,Nicolas
my1KXj,Villalba,Hector
mY1s8p,Jensen,David
MyK66c,Marscheider,Erich
myktuY,Bucha,Pavel
MYPGKN,Martinez,Gonzalo
MZRKsb,Garcia,Manu
mZt7Wm,Norman,David
mzyAr6,Diop,Hamady
N04iLW,Miller,Kenny
n0M3p3,Lundkvist,Adam
n11Rnn,Ordonez,Arquimides
n1bg3k,Hohlbein,Aaron
n1Eaka,Ponce,Ezequiel
n1QTVV,Egbo,David
n2lolR,McInerney,Jack
N32XYX,Opoku,Edward
N3Da9Q,Bessone,Federico
N3wWsk,Luccin,Peter
n4MP33,Lewis,Eddie
n4P1as,Djekanovic,Srdjan
N4yWF2,Vanney,Greg
n6L3oE,Segal,Gabriel
N6X7Wf,Otero,Javier
N77ECM,Dominguez,Roberto
n7H5jE,Cepero,Daniel
n80Wf5,Dotson,Hassani
n9jiwH,Pongolle,Florent
n9lxkJ,Katranis,Alexandros
n9T032,Gonzalez,Leonardo
N9TA7C,Yao,Karifa
n9wUOy,Taider,Saphir
nabcXs,Pires,Alvaro
naBgRv,Da Silva,Pierre
nADVT5,Morfaw,Alexandre
nAeYfH,Struna,"Aljaz ""Kiki"""
nAhTbw,Steinberger,Zach
nAqJ6V,Stanko,Caleb
NAUaBS,Swiderski,Karol
nB8o69,Pozniak,Chris
nbC9es,Stahl,Toni
nCQbB6,Barrera,Leandro
nCSTUZ,Judson,
ND1a2C,Palacios,Diego
nDQPHz,Patterson,Kyle
NdVFKA,Carmona,Carlos
ndxOpf,Adekoya,Seyi
neaT6L,Stepanovic,Bojan
nEu5m4,Lemoine,Nico
NEybnL,Avila,Beto
nf4NH4,Gonzalez,Nelson
Nfhn7w,Machado,Adolfo
nfIfpd,Mercado,Carlos
nfLoGS,Ramirez,Christian
NFnz7H,Roldan,Cristian
nfOisx,Angulo,Ivan
nFvtBP,Miller,Eric
NGCY7X,Tverskov,Jeppe
NggwS3,Lambert,Kevon
NGSlhO,Meyer,Tommy
ngXTKE,Myers,Chance
Nh47oo,Cimermancic,Markus
NhI6Cg,Dube,Mkhokheli
nhsWk4,Bartlett,Jacob
nhtxu2,Bolanos,Luis
NIjXZk,Nocita,Matthew
NjAs23,Najar,Andy
NJB1Nf,Flores,Edison
njirRv,Purdie,Alec
nKd6rU,Lingr,Ondrej
NkIN91,Kappelhof,Johan
nkqKDd,Corrales,Ramiro
nkuPXs,Smith,Jordan
NKxjWx,Chhetri,Sunil
nlCGGD,Brennan,Luke
nLLg3y,Tingey,Keegan
NLnCgK,Robles,Luis
NlPOkE,Frederick,Wayne
NM3DEw,Ricketts,Tosaint
nMDe83,Mwanga,Danny
nmKGYF,Mosquera,Hanyer
NMPSFd,Mas,Emmanuel
nN5GbF,Sanabria,Lucas
nNfJHS,Dubersarsky,Nicolas
nnL1PJ,Fernando,Luiz
nnqSSM,Ontivero,Lucas
NNrOMr,Sesay,Israel
nnVhIk,Fall,Mamadou
nnZTGF,Lochhead,Tony
Nok8NR,Sanvezzo,Camilo
nokVxF,Aaronson,Brenden
NOnG0p,Lee,Alex
NPGi98,Umony,Brian
npk4Nq,Thorisson,Nokkvi
NPm3QX,Reyes,Andres
npUEF6,Dia,Amadou
NQws6p,Lodeiro,Nicolas
nRNb7D,Carney,David
nRPYBM,Koval,JJ
NrtQZ3,Kamara,Ola
nRVTGc,Korb,Chris
nrXfRB,Dovale,Toni
nS3dvj,Davis III,Eddy
nsAjgx,Coria,Franco
nsCgOg,Crognale,Alex
nSFHya,Cahill,Tim
nSQXQS,Gallardo,Erickson
nt2sXv,Russell,Johnny
Nt3Zo2,Ulfarsson,Thor
nT6UQW,Venegas,Kevin
NTTc4Y,Mendes,Carlos
NtTXF7,Moore,Brendan
Nu3quC,Lepley,Tucker
nUyoPK,Valdez,Nelson
nVauYk,O'Dea,Darren
NVB7f7,Jimenez,Diego
nvbgpA,Ivanschitz,Andreas
NvMVNo,dos Santos Silva,Micael
nWgO8z,Roberts,Troy
NWIOXW,Zavagnin,Kerry
nwIyww,Arellano,Hugo
nwPAjB,Travis,Jackson
NwPvbn,Sekulic,Boris
NwqA5q,Vazquez,Brandon
NX3qOH,Colvey,Kip
nXdJMC,Bernardeschi,Federico
NyDscz,Badilla,Gabriel
NyXmrz,Weaver,Cam
nz2qil,Muniz,Nico
nZkHOZ,Tagseth,Edvard
Nzkzko,Matuidi,Blaise
nzrvrE,Campbell,Jonathan
NzY9A7,Bogacz,Wiktor
O03hCG,Cesar,Julio
O0M9Tl,Lewis,Andre
O0Tte6,Espinoza,Cristian
o1aCvV,Yueill,Jackson
O1AVnT,Ibson,
O1sJ1F,Hume,Walker
O1t66b,Randolph,Michael
o1W5f0,Allen,Ely
o25tHD,Tolo,Nouhou
o2gYzS,Fernandes,Thiago
o3EdJQ,Gomez Andrade,Yeimar
o3kSXj,Rodrigues,Braudilio
O4Ij37,Kirovski,Jovan
o4niv4,Barbara,Etienne
o5Bcq0,Parks,Keaton
O5kpTB,Stojanovic,Luka
O69VjF,Martino,Ben
O6S409,Fisher,Oniel
o70Z71,Obando,Allen
o7ANUV,Guediri,Sami
O7Bb8K,Noble,Nick
O7EYPh,Arriaga,Luis
o7ThBp,Mayaka,Philip
o8fDDd,de la Vega,Pedro
O8r6F6,Sejdic,Amar
O8SCSo,Kindle,Kory
O9i6Qc,Graham,Taylor
oACnsZ,Cunningham,Jeffrey
OaEdxW,Meilleur-Giguere,Thomas
OaP0Ji,Metzger,Dan
oApXE1,Latigue,Gabe
OBPhMJ,Thorpe,James
Oc6I4R,Bombino,Luca
OCH54x,Tapias,Miguel
OCvbCv,Kaka,
Od3A96,Andriuskevicius,Vytautas
od6SoR,Quinteros,Jairo
ODGN9a,Vilhelmsson,Christian
odJOAd,De Rosario,Adisa
OE5xif,Santos,Thiago
OefgO5,Gordon,Alan
OEKt3O,Giroud,Olivier
oemG1H,Odada,Richard
OenA8V,Roberts,Quillan
oePeIF,Espindola,Edgar
oF6aYu,Penedo,Jaime
oFAOhv,Castillo,Edgar
OFEsoK,Marczuk,Dominik
ofguzW,Ortiz,Juan Esteban
ofjfl1,Leathers,Jonathan
OfmNWQ,Silva,Luis
ofP0o5,Attakora,Nana
oglwGQ,Conway,Jackson
oH7Fxd,Las,Damian
ohin5X,Turnbull,Stephen
ohrctg,Orozco,Michael
ohYT1p,Serna,Dillon
oi9ihs,Wasson,Daniel
oikvmu,Waibel,Craig
oJiWp1,Bengston,Jerry
oJkPQ2,Mupier,Mira
okMkjZ,Baumgartl,Timo
OktQIw,Dyachenko,Rod
oKuQDW,Jones,Derrick
ol6FJd,Salou,Ibrahim
OlgZ9P,Edwards Jr.,Earl
OLIavz,Lod,Robin
OlvjJb,Mitrita,Alexandru
Om9UZt,Bonilla,Kevin
oMDf7e,Luiz,Everton
omghQq,Beckerman,Kyle
omJaZN,Endeley,Herbert
Omo5VP,Jackson,Jacob
oMZLEE,Galindo,Maykel
oNbHh2,Gaudette,Bill
OnERZn,Arias,Santiago
ONXtUn,Peterson,Joseph
Oo34Su,Mathers,Zach
ooFEDa,Toye,Mason
OoHZK1,Oluwaseyi,Tani
oolhJZ,Metcalfe,Patrick
OouviP,Gutierrez,Felipe
oOzjDT,Gutierrez,Diego
opjIuU,Pompeu,Celio
OPpaUR,Esparza-Saldana,Adam
OQwWjh,Conechny,Tomas
OqzcOK,Roth,David
orEX6g,Rivera,Damian
oRNsc2,Craft,Coy
oRS8zj,Muse,Trey
ORycpN,Knight,Zat
oS5eeO,Morris,Jake
osbc9Q,Keita,Aboubacar
OsFZC9,Vines,Sam
oSICBg,Pardo,Pavel
OSOMna,Rocha,Tony
OSpIu9,Pickens,Matt
OtC1wa,Rivero,Octavio
oU5rOA,Van Damme,Jelle
Ov0IvA,Angulo,Marco
OvpNlm,Bwana,Handwalla
oW6Pl1,Arrieta,Jairo
owDKPf,Segura,Ulises
OWF5Kd,Garces,Justin
Owi9DE,Choiniere,David
OwWXrq,Dibassy,Bakaye
oWYEcS,Jorgensen,Mathias
owZPLI,Marquez,Omar
OX4YHc,Neeskens,John
oXrUEs,Ntsabeleng,Tsiki
OXUmY3,Sobocinksi,Jan
oY9gW9,Yeisley,Jason
OyQHtX,Bristow,Ethan
OYW4b4,Jimenez,Christian
oz4Ibj,DePuy,Nick
OZsoH4,Onstad,Pat
P043mx,Jimenez,Jesus
P059nL,Chambost,Dylan
P0bCCq,Cochran,CJ
P0cQsi,Cabral,Remi
p0l481,Powers,Dillon
P0Se9S,Ceballos,Brayan
p28vYc,Monis,Alex
p2Iu1T,Araujo,Miguel
p2n3JH,Magee,Mike
p3bvH0,Wright-Phillips,Bradley
p3hShM,Lopez,Rodrigo
P3slWJ,Aparicio,Manuel
P4txon,Che,Justin
p4Z9sZ,Markovic,Neven
P5jXXk,Gamble,Michael
p5VwaN,Eriksson,Magnus
p6kudv,Robinson,Dasan
P6W62y,Sargis,Hayden
p7JnuN,Forko,Willis
P7OrS2,Ouimette,Karl
P9eUUB,Ruiz,Pablo
P9f6k8,Mosquera,Edwin
p9ZIKl,Flores,Jorge
Pb3y0z,Ampaipitakwong,Anthony
pB4gDy,Ibrahim,Sunusi
Pb4L4e,Rivera,Luis
Pb6Tee,Paixao Da Silva,"Fernando ""Bob"""
pBoOud,Luyindula,Peguy
PbR0Yo,Caliskan,Noel
PBrYP3,Stolica,Ilija
pbsU4C,Gaspar,Bruno
PcKcFE,Erpen,Facundo
pCOY3D,da Silva Ferreira,Kaick
PdBhi2,Robles,Eder
pdg5gv,Cooper,Armando
pdPq6q,Asprilla,Dairon
PDToh6,Bedoya,Alejandro
pdtosr,Gregus,Jan
pDvGIX,Romana,Jhohan
PDvmU0,Joseph,Nane
PEVDbj,Osorno,Daniel
Pf9gqC,Rimando,Nick
pFMKEM,Pietravallo,Juan
PfTpst,Ballouchy,Mehdi
pg31eY,Lletget,Sebastian
PG7ink,Kamungo,Bernard
PgYjIH,Quaranta,Santino
PHbOF5,Brody,Andrew
PhjODI,Dominguez,Cecilio
phKLJ8,Room,Eloy
PHvCDq,Malki,George
pHxheG,Antuna,Uriel
PILtwp,Zendejas,Alejandro
pINlHU,Neres da Cruz,Erick
PIqcaG,Kowalczyk,Sebastian
PJ7zW3,Rodriguez,Angelo
pJZUYh,Abdallah,Aminu
Pk1XaN,Biello,Alessandro
PkhbPz,Nielsen,Jimmy
PkJnSA,Sharp,Billy
PkMR96,Benitez,Jair
Pkn0yR,In-Beom,Hwang
pKQpsS,Martinez,Juan Manuel
PkUHdU,Escobar,Rolando
PKXwG0,Martinez,Diego
PL0cvx,Kimura,Kosuke
plAmR6,Cruz,Danny
pLc5YD,Hejduk,Frankie
PlDS26,Aja,Jose
Plgu1f,Herrick,Doug
PllXLd,Santos,Nuno
plRJl9,McBean,Jack
PLTnrS,DiRaimondo,John
PLWD1S,Barmby,Jack
PM7wks,Wolverton,Andrew
Pn67eU,Driver,Andrew
PNA0Ss,Renken,Charles
pnxKJU,Nascimento,Luiz Fernando
po6I6v,Fierro,Carlos
poB2da,Freeman,Hunter
PomSCg,Rodrigues,
pOZqpk,Ocampo,Edier
PPVw61,Pellegrini,Matias
PpXAIK,Robinson,Miles
pQDb39,Cabezas,Jorge
Pqg6C9,Sutter,Scott
pQJ5Oy,Costa,Vitor
PQMyPe,Pedroso,Marcos
PQNl6X,Rios,Andres
PR1WoI,Paul,Ilijah
PrjpU8,Castillo,Fabian
pRVob5,Rocastle,Craig
prXxgM,Diz,Facundo
pS0zgk,Nwiloh,Michael
PSfw6K,Amador,Pedro
pShgQJ,Price,Jack
pshlyQ,Colman,Cristian
PSKK8C,Gonzalez,Omar
PSq8SR,Urruti,Maximiliano
pSvq0W,Garza,Greg
PSZxHK,Landin,Luis Angel
ptDlCN,Bezerra,Victor
Pth4HS,DeMerit,Jay
ptIStg,Tetteh,Samuel
pTK6rz,Vincent,Rob
PTsAvo,Graye,Jordan
Pu2GpH,Garcia,Walter Ariel
puakCB,Henley,Adam
pUiOwO,Kljestan,Gordon
PuSnVT,Marquess,Matt
pvFoAY,Iwe,Emmanuel
pvfrfm,Molina,Malachi
pVNPpA,Stinson,Matthew
PvX5ll,Borrajo,Jonathan
pWeXp5,Benalcazar,Nico
Px4HmZ,Sisniega,Pablo
pxBz14,Arigoni,Allan
PxdUc4,Kelly,Jeremy
pxPEWY,Martinez,Josef
PxZG2j,Harris,Calvin
pY3Uwk,Gonzalez,Juan Diego
PY5j0H,Gomez,Herculez
pyDOE4,Venter,Kyle
PYhfv8,Clark,Steve
pykeTM,Noone,JT
pyl5Xm,Ljungberg,Fredrik
pYvLJB,Rodriguez,Abraham
pzejOd,Quinonez,Joshue
pZHmJv,Anding,Don
pzJvNP,Pavon,Cristian
PzUu5Y,O'Connor,Aidan
pzWJuF,Bronico,Brandt
q0LyLC,Chacon,Thomas
q1cZay,Van der Water,Silvester
q1DhjG,Tornaghi,Paolo
q1HLj6,Amadou,Daouda
q1J2eU,Chol,Machop
Q1MetB,Boxall,Michael
q1sKvM,Del Grecco,Nicolas
q1Xlnr,Corbo,Gabriele
q1YR8W,Dean,Christian
Q2aRo2,Brovsky,Jeb
Q2GHki,Kerkvliet,Max
Q2ujLK,Pineda,Gonzalo
q3hjBC,Ingvartsen,Marcus
Q4cQAP,Boateng,Emmanuel
Q4LDRn,Iwasa,Cameron
q6v3Kf,Farrell,Andrew
q7FtBi,MacNaughton,Lukas
q7SeYb,Goossens,John
q80mrV,Obrian,Jader
q8baNS,Martino,Kyle
q8H2E1,Thomas,Riley
Q8sZeS,Reveno,Ben
Q94plk,Di Vaio,Marco
q9M7fQ,Acosta,Danilo
Q9ooQm,Turdean,Robert
qaHTlj,Servania,Brandon
qBFwBr,Sirois,Jonathan
QbH1Rl,Castillo,Nery
QbI61Y,Kirby,Dustin
qBlMsx,Robledo,Harrison
QBmpPW,Harrington,Michael
QcWcao,Adams,"Mohammed ""Mo"""
QD1iJm,Fellinga,Lesly
qd30yd,Smith,Tommy
qdlPZ1,Eloundou,Charles
QeGAae,Aristeguieta,Fernando
qeicuO,Telfer,Ryan
qEjbjf,Fochive,George
qeNGEl,Miller,Tyler
qevj4M,Bengtson,Jerry
QeZIvP,Perez,Blas
qfFgQl,Harriel,Nathan
qgjWba,Centeno,Erik
QGQyGw,Duran,Andrew
QGVW4h,Latinovich,Vukashin
qGyU9x,Opare,Kofi
Qh1emp,Kafari,Michael
QHmjx3,Okugo,Amobi
QIgXHP,Wynder,Elijah
QiPFDd,Nunez,Ramon
qiQDfe,Dike,Daryl
QiSxum,Farfan,Michael
qIzslb,Rios,Daniel Esteban
qJ5dhG,Cuypers,Hugo
QJHKNC,Villar,Ricardo
QjOVsf,Wolyniec,John
Qjv4ck,Kim,Joon-hong
Qjz8Ot,John,Collins
qkli6Q,Mlinar Delamea,Antonio
qkSXa0,Okoli,Sean
QKvThU,Raveloson,Rayan
QL1gtv,Bassi,Amine
Qld7vT,Scott,Zach
qLIkMt,Doe,Francis
QLOAL8,Badji,Dominique
qLZ1oS,Fray,Ian
QM8zqg,Lukic,Jovan
QMAys6,Burgos,Efrain
QmqirI,Bolanos,Christian
QmVaVE,Lahoud,Michael
QMWeqV,Lambo,Josh
qMZWi2,Adu,Freddy
QNcBbs,Gonzalez Pirez,Leandro
qNhKDt,Garcia,Olmes
QnKdWR,Johansen,Eirik
QOHd9e,Rasmussen,Justin
qOuhWL,Ekra,Yann
QPgcJa,Gustavson,Michael
qpkObe,Rodgers,Luke
QQK2fm,Arena,Anthony
qrDaSX,Alderson,Bryce
qrh3Cx,Picault,Fafa
QROOvO,Pena,Ronaldo
qrpy5z,Walter,Remi
Qs62Uz,de Jong,Marcel
qsCNeg,Schmitt,Tate
QSDRDo,Coundoul,Bouna
qsHnxz,Bedell,Adam
qsnC4y,Boatwright,Israel
Qspvxx,Rodriguez,Milton
QT2boG,Hoyte,Justin
QTKJ7L,Fabinho,
QTMtv3,Schmidt,Luis Eduardo
QTQfeo,Affolter,Francois
QtqFPs,Munoz,Santiago
qtSS5u,Padilla,Jesus Andres
QtxywZ,Borgelin,Shanyder
quDt49,Smith,Brad
QUMPWc,Billingsley,Noah
QuWryw,DeRoux,Stephen
Qv4PCS,Asensio,Charlie
QVrYc2,Romeo,"Antonio ""Rocco"""
qvy0aQ,da Silva Ferreira,Evander
qw9wX2,Koffi,Jean-Christophe
QwUJEu,Friedman,Ross
QWUtxo,Mitchell,Carlyle
Qwv2AH,Gros,Joshua
QWwGrt,Savage,Keith
qx2mIb,Cooper,Kenny
QX4wIf,Rodriguez,Nicolas
QXaCQl,Kantari,Ahmed
qxd0lj,Addlery,Nicholas
qxhnYh,Perez,Orlando
qY00r6,Gjengaar,Dennis
qy6mgO,Deshields,Michael
qy94i0,Mokhtar,Youness
QYeezt,Shanosky,Conor
qYyCmy,Akanyirige,Jacob
Qz3oCi,White,Jeremiah
qz6Wg2,Skjelvik,Jorgen
qzBy7b,Sands,Will
qzoROE,Fry,Malcolm
qZrQtS,Ilic,Marko
QzY4yw,Emilio,Luciano
R16PKX,Karcz,Chris
r1zZ45,Robinson,Carl
R33H6C,Chang,Maikel
R3WCNW,Salquist,Tobias
r4prtn,Escobar,Franco
R4qjCF,Glesnes,Jakob
r5B3RA,Purdy,Steve
R5IDdI,Stojcev,Milos
r5yUuQ,McGuire,Jake
R68DXM,Maidana,Cristian
R6LAHa,Lambe,Reggie
r6p2Lo,Pereira,Ricardo
r8qPkK,Gonzalez,Yony
R9elK8,Beasley,DaMarcus
R9i3LR,Shipp,Harry
R9JBSA,Araujo,Luiz
R9qb3Z,Glinton,Gavin
RACUcK,Brown,C.J.
RAO0Ce,Jean Jacques,Danley
RBdInJ,Ching,Brian
rBLVEs,Arvizu,David
rBYbfC,Vargas,Olman
RCddnc,Woodbine,O'Brian
RCjhn9,Wheeler,Aaron
rcwVSu,Mighten,Alex
rD4Qin,Horta,Andre
rDb5cH,Edwards,Michael
rDdJBP,Guarda,Bruno
rDnPyy,Souquet,Arnaud
rdZ55E,Barrett,Wade
RE4D6s,Rochez,Bryan
REgUMw,Kutler,Ethan
REpNat,Pizarro,Rodolfo
rETzJj,Stroud,Peter
RF14Wj,Villarreal,Jaime
Rf9xAj,Bendik,Joe
rfXZud,Castro,Jacob
rGb1J8,Mulholland,Luke
rh4Dcz,Robertha,Nigel
rHfNvk,Ennali,Lawrence
RhLES2,Foster,Isaiah
RIbC1B,Gersbach,Alex
RIprzG,Vitoria,Steven
riVmAC,Nyazamba,Stanley
RIx9r9,Zardes,Gyasi
RjjwRc,Patterson,Caleb
rJT23p,Holm,Odin
rk7Xqd,Gavran,Luka
rkcy9z,Harris,Atiba
RkODZ3,Pisanu,Andrea
rkPz1k,Aghedo,London
RKWdDW,Aiyegbusi,Olukorede
rmBMqi,Ghebru,Michael
rMjc8J,Span,Brian
RMvZRy,Deric,Tyler
RmWaIL,Alves Chu Franco,Leonardo
rNck9b,Orr,Bradley
rNgocE,Rwatubyaye,Abdul
rNlpJO,Afful,Harrison
rNLwG5,Doumbia,Ousmane
rNMUXd,Hiebert,Kyle
rnSrx6,Egbo,Mandela
RoN0CI,Nielsen,Kenny
rOTa9Z,Perry,Nebiyou
rOXfo4,Quioto,Romell
RpbFCQ,Rosted,Sigurd
Rpi1sH,Gerrard,Steven
rpVylV,Harden,Ty
RpxM22,Martinez,"Miguel ""Mista"""
rQ5T1W,Mohamed,Abdi
RQBXEp,Ferreira,Marcelo
RqHbBg,Mejia,Edgar
rqhFrK,Cande,Mamadu
rQqNXK,Azcona,Edison
RqXMTP,Jacobson,Andrew
rqyT0b,McVey,Chris
rRAMoT,Scardina,Nick
rRJcQi,Mohammed,Shak
rru4ss,Earnshaw,Robert
RrY4e2,Jackson,AZ
Rs91L4,Oughton,Duncan
RSaNT3,Steuble,Martin
rSbDSX,Bizama,Jose
rsGYQ7,Kovalenko,Dema
RshFkO,Nagbe,Darlington
RsJZ4K,Castano,Santiago
RSXjHa,Hill,Kamani
rSYhw7,Klein,Chris
Rt4uDB,Murray,Max
ruNsaX,Konopka,Chris
rVBbnP,Mosquera,Santiago
rvqZty,Fortune,Ajani
rvWQj2,Aceves,Alonso
rwcQGC,Calvo,Francisco
RWLqRu,Alexandre,Jean
RWs1sT,LaGrassa,Matt
RXlwOx,Kim,Kee-hee
RXwq1d,Waterreus,Ronald
rXXpvO,Powder,Noah
RYDXh1,Kocic,Milos
RyjAh3,Pearce,Heath
rysmvj,Campos,Omar
RYxORT,Jesus Lima,Igor
rZBOUi,Buckmaster,Rece
RZGU7r,Marques,Mikael
RzIcn3,Markanich,Nicholas
RZiND5,Cristman,Adam
rZJa5G,Rodriguez,Santiago
Rzpy85,Cremaschi,Benja
RzzhOg,Svensson,Gustav
s04Kjl,Pomykal,Paxton
S0XZan,Dominguez,Jon Erice
s0Zg9h,Reo-Coker,Nigel
S1ArLw,Penilla,Cristian
S36abz,Ousted,David
S3w7gO,Diaz,Jefferson
S4a5hb,Neumann,Steve
S58Opd,Bangoura,"Alhassane ""Lass"""
s6xqQp,Souza da Silva,Brenner
S86gzM,Lopez,Hernan
S8c8tg,Heinemann,Tommy
S8vZ7u,Juarez,Efrain
S8wWFO,Michel,Benji
S91AXz,Palmer,Lovel
S9emT4,Gbandi,Chris
S9TRDN,Nocerino,Antonio
s9VYuI,Gibbs,Cory
SAKHDi,Hamdi,Ahmed
savOUW,Bailey,Zico
SAy06w,Gomez,Carlos Andres
sBgo2J,Conceicao,Anderson
SbGRSF,Gspurning,Michael
sbhdYg,Bonner,Colin
SCJOKj,Kreilach,Damir
sCoEOG,Igwe,Amaechi
Sd3CPm,Afonso,Leo
sdjB9e,Turner,Tyler
sdQAOg,Machado,Cristhian
SELAPM,Salloi,Daniel
SEpouT,Rossi,Giuseppe
sFaKav,Henry,Doneil
SFGuqL,Kipre,Jean-Martial
SFhj6r,Buescher,Julian
sfntbt,Luzunaris,Matt
sFPZYW,Schneider,Teddy David
sGKds0,Damm,Jurgen
sgLixc,Nanu,
SgsTVA,Beland-Goyette,Louis
sgVBPx,Bravo,Omar
sh0ZBt,Rocha,David Mateos
sh4HRI,Houapeu,Levi
sh8gvP,Hurtado,Jhon Kennedy
SHBGxd,Hernandez,Moises
SHQwlr,Bocanegra,Carlos
SHYtLK,Inkoom,Samuel
SI3Se2,Ricchetti,Pablo
SI6CZM,Hamilton,Wade
SibrdG,Gibbs,Kieran
sidhQY,Collier,Elliot
sIlnbW,Schopp,Markus
SiXveh,Farr,Jordan
sJyG5a,Cabezas,Juan
SjYuko,Petrasso,Michael
sK7cBl,Ascues,Carlos
sKHU7W,Scally,Joe
sKRoJ3,Sands,James
Skyc52,Castrillon,Jaime
SLbMRw,Kapp,Alex
slF3MF,Pearce,Tyson
Sljk2W,Godoy,Erik
sLwRH4,Jewsbury,Jack
sma3sg,Bolivar,Jovanny
SmFbEB,Bamba,Jonathan
smhpbA,Willis,Joe
SmRkVa,Padula,Gino
smTW0y,Bradley,Michael
SN0Ug8,Ulysse,Denso
SN95qD,Hollinger-Janzen,Femi
sNgAe3,Umanzor,Deris
snGIIr,Muller,Tommy
SNIQKf,Marquez,Rafael
sNLZv7,Hernandez,Javier
SnTRgQ,Caig,Tony
snuS1Q,Garey,Jason
SoiOQv,Kryvtsov,Sergiy
sosaIZ,Kleeman,Freddy
sp3cmp,Dalby,Greg
SPbFOX,Romo,Rafael
SPgG90,Taylor,Robert
SPjadZ,Lampson,Matt
spM9ku,Eskandarian,Alecko
spU7Nu,Moloi,Mpho
spWtkZ,Perez,Ricardo
SPzBHi,Reaves,Kris
sqBE1t,de Magalhaes da Silva,Gregore
SQgEWp,Duran,Jhon Jader
SqMKs8,Bersano,Matt
sR9ycI,Twellman,Taylor
sRgqWh,Guevara,Amado
sRGXHA,Redzic,Beni
SrHBIV,Nealis,Dylan
srsTtO,Texeira,David
SRwCmA,Celentano,Roman
SRzBAp,Porter,Kyle
SS1tTB,Kouassi,Xavier
SS7MxV,Yi,Alex
Ss9ezO,Loba,Ake
SsnwQu,Vitti,Pablo
Ssybk5,Yaro,Joshua
SSYmeq,De John,Alex
St8750,Djitte,Moussa
StaTfJ,Wanyama,Victor
Stb1j6,Jensen,Cole
stK7CN,Cabral Barbosa,Rafael
sUAFna,Lopez,Eric
SuG4Lj,Oravec,Matej
SUJNQD,Sosa,Joaquin
sv6Y6U,Keat,Daniel
SV80HT,Pendant,Jason
svC3z8,Morales,Marcelo
SvHaDZ,Spaulding,Ryan
SvJCxH,Smarte,Adam
svprcL,Binks,Luis
sW8hQB,Allen,Jordan
swh3zc,Anderson,Markus
SwOE5r,Vivi,Gino
SWWoxa,Chueca,Carlo
SxM1l3,Cirigliano,Ezequiel
sxpIyw,Sealy,Scott
sxQviM,Hashimoto,Duke
SYJxQy,Acosta,Luciano
SYrZXM,Munoz,Victor
SYuJFn,Essengue,Ascel
SZbiw4,Biel,Pep
SzNPPK,Davies,Charlie
t0dTA8,Davies,Philippe
T0fNdx,Smith,Jarrod
T0HfDd,Freire,Nicolas
T0XrFI,Giakoumakis,Georgios
t16uku,Ford,Josh
t1uwSL,Gauld,Ryan
t2boXL,Paunovic,Veljko
t2Pehj,Fofana,Mamadou
t38zxQ,Grabavoy,Ned
t3DC6p,Rodriguez,Jonathan
t3mOSs,O'Brien,Lewis
T3Yj9v,Sofo,Mohammed
t6Bh82,Kobayashi,Daigo
T6fWQt,Hatzke,Nick
t6kRMg,Perea,Andres
t7BYap,Mora,Felipe
t8lnZL,Kamara,Kei
T9B64N,de Andrade,Thiago Eduardo
t9cmvk,Barath,Botond
T9O6rX,Baran,Daniel
T9R6Of,Calegari,Lucas Felipe
ta3egD,Eckersley,Richard
TAEtpD,Gal,Jeff
TAgLfS,Davies,Alphonso
TavnW1,Gene,Owen
TayqOF,Kouame,Rominigue
tb9V1Y,Bouchiba,Elbekay
tbEp6R,MacDonald,Sherjill
tbhtHO,Tissot,Maxim
tbJEA4,Rivera,Jose Manuel
TbktAl,Buchanan,Tajon
tby9zn,Hernandez,Cucho
tcrJ3Y,McBride,Brian
TczttY,Rosell,Uri
tD86Zk,Bacharach,Hugo
tdDP9q,Bonilla,Pablo
TdG29B,Sviatchenko,Erik
TDHzF7,Gallese,Pedro
Tdi0SZ,Goncalves,Diogo
tDPpiu,Smith,Nathan
Te0uUo,Rodriguez,Adrian Lopez
tE7pIP,Hartel,Marcel
TeihQP,Berhalter,Gregg
TEK7lB,Mabiala,Larrys
tF7oxX,Lopez,Miguel
tF8tsF,McCarty,Dustin
tFiRf4,Sayang,Amadou
TG5zQ1,King,Brendan
tgG8LU,Adi,Fanendo
TgujEX,Petretta,Raoul
tHDB0u,Villarreal,Jose
THh91z,Harper,Cameron
THlwZm,Chiumiento,Davide
THVsLW,Valenzuela,Gerardo
ThWbaQ,Shea,Brek
tIkLrP,Chala,Anibal
tIUIXx,Miller,Kamal
tJiKcY,Watson-Siriboe,Kwame
tjLJcr,Akapo,Carlos
TJqcnt,Rojas,Jorge
tk6RyZ,Braun,Frederick
TkgMsO,Mcgree,Riley
TlBSk8,Williams,Augustine
TLjav6,Dike,Bright
tM6NaT,Horton,Charlie
tmCAlx,Harvey,Carlos
tmpmeL,Gomez,Shannon
tmTsjS,Castro,Manuel
TNauXO,Trejo,Danny
tnFnd9,Stamatopolus,Kenny
TNLhTr,Teran,Carlos
TNSSMw,Perruzza,Jordan
ToaNup,Blomberg,Johan
TOdeKg,Rad,Kaveh
TOEq8i,Abdul-Salaam,Saad
toKXEP,Oviedo,Bryan
tolHwJ,Mina,Juan
Tp6LtO,Nakazawa,Kyle
TpBGwS,Duvall,Chris
TPitin,Levis,Brett
TPPPXb,Rosero,Dany
tQFynR,Matarrita,Ronald
TqpWth,Davis,Justin
tqsKFY,Miranda,Sebastian
TqXnlY,Heath,Harrison
tQxXXK,Tsukada,Yutaro
tRc0oF,Arteaga,Jhonny
TrD2XH,Rennicks,Justin
TRdy6D,Dorsey,Griffin
TRVORz,Hirsig,Santiago
ts0iQL,Brunner,Eric
Ts2dyu,Lizarazo,Carlos
TSHlD9,Guzan,Brad
tT1tIp,Smith,Johann
TTBU3Q,Stewart,Jordan
TToOPE,Giro,"Victor ""PC"""
TTVghi,Dufty,Alec
TU9Mcm,Blackmon,Tristan
TudokZ,Denton,Eric
tuGaIg,Griffin,Leonard
TUhSOi,Williams,Thomas
tuikQI,Guzman,David
TuJG0z,Fernandes,Leo
tumLVV,Joyner,Mykhi
tUSY7E,Ferkranus,Marcus
tuVXNJ,Aviles,Tomas
TUZrUt,Cartagena,Wilder
tV3fFg,Sala,Dario
TvB8tz,Romero,Andres
tVGkZK,Morrison,Ravel
TvsJgB,Kara,Ercan
tw08N8,Smith,Jamie
TW1vcD,Frei,Stefan
TwjEod,Sauro,Gaston
twmEqr,Musa,James
tX5QVc,Gagnon-Lapare,Jeremy
tXNgqg,Marcinkowski,JT
tXuxbD,Myers,Justin
tXvC3D,Wingert,Chris
TXyrtZ,Bakero,Jon
ty05qb,Petke,Mike
TYfZOS,Parker,Lance
tyOu10,Cermeno,Carlos
Tyyi7X,Pecka,
TZjgaR,Salihi,Hamdi
TZkpqQ,Edwards,Matthew
tZO6Sc,Araujo dos Santos,Heber
TZPL5W,Almiron,Miguel
TZWxnC,Correa,Andres
TZXKIo,Aliseda,Ignacio
U0HnIu,Fernandez,Gaston
u0VJko,Ricketts,Jamar
U1ivbJ,Albadawi,Nazmi
U2gQtw,Wooten,Andrew
U2k4cw,Agada,Willy
u3EeUH,Angking,Isaac
U3nvi1,Quezada,Alvaro
U5ABt0,Fondy,Matthew
U5NhKd,Chabala,Michael
u6rSBz,Mastroeni,Pablo
u74hIo,Atencio,Josh
u75R2c,Martina,Javier
u7QOIk,Kaptoum,Wilfrid
u7ULSG,Mancosu,Matteo
u87uEc,Navarro,Federico
u8feyB,Shaffelburg,Jacob
U93siy,Driussi,Sebastian
U9YhSc,Ceren,Darwin
ua8H3S,Mrowka,Cole
UaB5Yl,Lundqvist,Adam
uaDmAH,Knight,Wes
UaK7r9,Diallo,Zakaria
uAwh5a,De Villardi,Thomas
ubFLrk,Bedinelli,Thomas
uBGOWr,Redding,Tommy
uBneFM,Vagenas,Peter
UBweJb,Ombiogno,Stephane
Uc7zOV,Acevedo,Nicolas
ucE31l,Holden,Stuart
UcKhCB,Fuenmayor,Alejandro
UCUAcf,De Jong,Siem
UcYnPf,Junqua,Sam
uCZ24D,Corozo,Washington
UE3MdO,Gruenebaum,Andy
uEjQkj,Ferrari,Matteo
uetXJV,Craven,Andy
UEyv6z,Goodson,Clarence
ufSTgV,Hyka,Jahmir
UfXYot,Palacios,Jeison
UGt1OB,Davis,Brad
Uhg8Jb,Ishizaki,Stefan
UHmRih,Bird,Eric
UI1OmJ,Ceus,Steward
uIfB8R,Franks,Floyd
Uihl2r,Valot,Florian
uJ4u5y,Kinney,Steven
UJbUUq,Luna,Diego
ujHoM0,Diaz,Mauro
Ujnpfw,Koevermans,Danny
UK0YLG,Arriaga,Kervin
UKajuy,Coelho,Nuno
UkBJR8,Cooke,Terry
UKGlUE,Thorhallsson,Dagur Dan
ukkxD5,Torres,Erick
ul1www,Stewart,Jack
Ul5dfH,Zendejas,Adrian
ul7G6k,Sherrod,Mark
ulEJWU,Ivanov,Stanislav
uLptgx,Lobato,Cristian
uLTqak,Tiffert,Christian
UMHCN2,Urena,Marco
UMHSN9,Brilliant,Frederic
uMvPSA,Adjei-Boateng,Bismark
UMwuLQ,Cardenas,Fernando
Un0Mog,Stieber,Zoltan
uno1DW,Dockal,Borek
UNQyCT,Gomis,Nicksoen
UNvtNc,Shannon,Oliver
uO9mz0,Frias,Jaime
UoDbvi,Klute,Chris
UoJxrr,Wicky,Raphael
uoNafj,Martinez,Jose
uoT7JB,Yedlin,DeAndre
UoxIon,Taylor,Christopher
up30uj,Mukhtar,Hany
upbrKZ,Wadsworth,Spencer
upKJnC,Hatzke,Matt
UpMq5g,Jadama,Modou
upmumv,Almada,Thiago
uPVknV,Burki,Roman
upypkr,Manley,Carter
UQJZzd,Zinckernagel,Philip
URjjYo,Bonjour,Fernando
UrvO9v,Boden,Luke
us15aP,Gordon,Ashton
Usf3Pa,Garcia,Diego
USFtZe,Malanda,Adilson
usK9Ri,Vukovich,Nemanja
uSmefP,Redes,Rodney
uTdv40,Alvarez,Arturo
UtMtV5,Martins,Luis
utOKEH,Escalante,Jose
UTPLNk,Cutler,Kenny
UtQ8dD,Olabiyi,Rasheed
uTye1H,Watson,Jamie
Uu5mDh,Rooney,John
uu6Mba,Hidalgo,Bode
uU9WGm,Hamilton,Jordan
uUgFmC,Puncec,Roberto
UuJtVX,Gregorio Teixeira,Ruan
UULUQ6,Vermeer,Kenneth
UunAJA,Hertzog,Corey
uuqXZB,Carranza,Julian
UURJFS,Jones,Joevin
UuubL7,Larraz,Oliver
uUwhxe,Pierce,Rusty
UV8ftx,Quignon,Facundo
UVRotK,Botero,Juan Sebastian
uW6mvm,Alanis,Oswaldo
UWn1WK,Auvray,Stephane
uWoeJB,Pelosi,Marc
uWOLc9,Goldthwaite,Kevin
uwPQzO,Morales,Santiago
UXHZ8u,Parker,Tim
UXLEGP,Quintilla,Jordi
uXLXC6,Sali,Enes
UxWqwg,Iapichino,Dennis
UY9sYC,Cordova,Sergio
uYbvMv,Ramirez,Juan Edgardo
uYV1M8,Makubuya,Keith
uzbvs3,Williams,Sam
UZCL0T,Amagat,Eloi
uzeJZv,Shome,Shamit
uzimR7,Leal,Randall
uzmG3K,Demidov,Vadim
uzmtLX,Vayrynen,Mika
UZpbPU,Segbers,Mark
v03u0L,Cobb,Noah
v0DcNu,Rogers,Sam
V0zIVU,Hernandez,Ronald
V10lGI,Sanchez,Richard
V2EkDZ,Rios,Daniel
v2STR3,de Jong,Nigel
v2xpDY,Castellanos,Robert
v2ZDAw,De La Fuente,Bryan
v3CmHC,Roberts,Reid
v3fN24,Rosales,Diego
v3VHpo,Szetela,Danny
v3z0ID,Lund,Philip
v4HR5i,Kavita,Phanuel
v4l3r1,Valeri,Diego
v5pl2Y,Gomez,Alexi
v61BF3,Boli,Yannick
V6SSWC,Mesanvi,Loic
v6xzLj,Burch,Marc
v7G4B3,Storm,Colton
V7NQR2,Lucas Cardoso dos Santos,Rafael
V7YeIA,Blanco,Cuauhtemoc
v7YOUV,Schilawski,Zack
V8BV3p,Sparrow,Connor
v8TvFa,Mior,Joao Paulo
v9ZpYq,Obodai,Anthony
Va4xD0,Hayden,John-Michael
VAM1Bw,Holgersson,Markus
vaquzH,Koroma,Ibrahim
vBfuEx,Hernandez,Jose Rafael
VbyX8j,Gutierrez,Diego
vCmeRa,Feingold,Ilay
vcvZ5m,Oyongo,Ambroise
vdCjdV,Romero,Osael
VdIWRS,Thiare,Jamal
vdpXgP,Smith,Steven
ve28jZ,Bono,Alex
vEE2um,Washington,Taylor
VEnJ6p,Lowry,Peter
vF9N7O,Pizarro,Cesar
VfV4nV,Donasiyano,Irakoze
VfXeS1,Vazquez,David
Vg7m55,Carr,Calen
VGjJpn,Silva,Matheus
VGKL4y,Scott,Tarik
vH0MfQ,Parisian,Donovan
vHbXq3,Convey,Bobby
vHCPTR,Beric,Robert
VHe13v,Bodily,Blake
vhIDoc,Bell,Jon
vHjI0C,Bartlett,Lucas
vHmu9w,Welsh,Andrew
vHqcB9,Simms,Clyde
vI3pK1,Craig,Brandan
viB9Ay,Sane,Lamine
Vibnig,Cann,Adrian
VJ10cr,Saliba,Nathan-Dylan
vj3OxX,Junge,Ryan
VjLFqy,Loyd,Zach
VjS0D1,Garza,Sam
VJwsda,Robinson,Eddie
VjxZLX,Nolly,Jay
vjZKjR,Ronan,Connor
vjzxrr,Velez,Marco
Vk1t2z,Besler,Matt
vK31pw,Viana,Agustin
vK3ZTm,Cordon,Oscar
Vk7FKD,Petrasso,Luca
Vk97MI,Royer,Daniel
VkfyrL,Adzemian,Vardan
vl3LbM,Zotinca,Alex
VlbbYE,Bogusz,Mateusz
VLBqYA,Deuchar,Kenny
VlphVd,Kitchen,Perry
vm5u1P,Gorlitz,Andreas
VmJ1AD,Alves da Silva,Max
vmOADD,Schiavoni,Matteo
vncw35,Newton,Evan
VNduhf,Hahnemann,Marcus
Vnp7nP,Totland,Tomas
VOHZxp,Santos,Pedro
VoqGYh,Brettschneider,Blake
vOXyUW,Zobeck,Kyle
vpbeQs,Josten,George
VPswnJ,Vargas,Kerwin
VqFWEL,MacMath,Zac
VqMEDN,McCann,Chris
VQV5Mz,Rodriguez,Sebastian
VRDN1k,Vazquez,Julian
vse6sI,Pantemis,James
vsEmjA,Jamison,Bryce
vSFEP3,Wolff,Tyler
VSjPSE,Hall,Tally
vSXNUB,Ivan,Andreas
vtEGR9,Mendoza,Andres
vtKL6x,Emory,Steven
VtOkf4,George,Kevan
vtOwWR,Caraballo,Gustavo
vtwrsI,Paladini,Daniel
Vu72Uq,Ochoa,Sammy
VUIs8F,Krupnik,Leonid
vUNH3k,Munie,Daniel
VUstJU,Bernardez,Victor
VUUTgD,Moschen Benetti,Ramiro
vuW9w2,Harrison,Chase
VUxBAF,Alessandrini,Romain
vw8gnZ,Lopez,Mikey
vwi4CM,Syamsir,Alam
vwN6hg,Slonina,Nicholas
VWS5Ki,Duke,Christian
VwYH2H,Mancini,Andrea
VxCh75,Colaluca,Nico
VXGgqT,Vaughn,Lawson
Vy1Bnq,Perez,Manny
vyJBzF,Arfsten,Max
vYniWe,Alvarado,Alejandro
vyqyGV,Levesque,Roger
VZLhnk,Creek,Michael
vZtUV4,Benitez,Alan
vZvPNB,Grella,Mike
Vzzcyn,Yow,Griffin
W05w2y,Grossman,Cole
w18Htf,Shinyashiki,Andre
w1AgsG,Weber,Andrew
w1GUgF,Rick,Andrew
w1VII8,Gaitan,Nicolas
w2RI50,Wallem,Conrad
w2UTtX,McCarthy,John
W33HwB,Corbeanu,Theo
w3CS8T,Withrow,Daniel
w3Dbfq,Nelson,John
W3JRVV,Caldwell,Scott
w56RRf,Mora,Joseph
W59WI4,Esteves,Lucas
W5ccHb,Zalinsky,Joseph
W5OOvF,Guadarrama,Willy
w5PwbP,Kwarasey,Adam
W5wr2q,Martinez,Walter
W6GS6G,Ku-DiPietro,Theodore
w6lBkM,Twumasi,Ema
W7LP0X,Ward,Tim
W8LzbC,Igboananike,Kennedy
W9Oy0F,Gashi,Shkelzen
WAMBQh,Belmar,Kharlton
waNXCb,Warren,Doug
WauqOS,Lenhart,Steven
WazSEp,Lechner,Florian
wBbthZ,Ayala,David
wbYyAL,Pertuz,Hernan
Wc0zsC,Nerwinski,Jake
wcJQ1t,Rowe,Kelyn
wcMARd,Hesmer,William
WCwL0E,Spangler,Steve
wdcAL2,Molino,Kevin
wE08AM,Rocha,Andre
we5Zpa,Boyd,Tyler
wEIQxQ,Thiaw,Mohamed
WekgEq,Habroune,Taha
WetouI,Kelsy,Kevin
wf27Le,Castilla,Juan
WFjzGm,Girdwood-Reich,Jake
WfOmj1,Beason,Tanner
wfTyPB,Grinwis,Adam
WGeAkh,Agren,Oskar
WGEBg3,Fodrey,CJ
WgG7hW,Yourassowsky,Mikael
WHLaHW,Wormgoor,Vito
WhMj4H,Palacio,Mike
Wi30bo,Valencia,John
WiQDqv,Krol,Krzysztof
WixqYt,Marshall-Rutty,Jahkeele
wjlPBe,Fernandez,Omir
wJphUY,Tavares,Sidnei
WjuWW7,Choupo-Moting,Eric-Maxim
WJyXTm,Avila,Eric
wk0KNk,Aubrey,Brandon
wkhget,de Luna,Mario
wKV7zK,St. Clair,Dayne
wKYuWE,Marquez,Richard
WKznBt,Floriani,Max
wLDdFD,Martin,Collin
WLFxNl,Burton,Micah
WlnwDm,Gloster,Chris
wLStAc,Cunha,Antonio Carlos
wLsXIs,Wanchope,Paulo
wlUtW1,Hartman,Kevin
wM9usq,Alexandre Souza e Silva,Caio
wMcuxp,Kuzain,Wan
wMD7Pw,Skinner,Joey
wMYNhx,Monteiro,Jamiro
WN8yjT,Kleberson,Jose
WNcw6B,Abram,Luis
wnGCUm,Camargo,Luiz
wO1VBo,Paes,Maarten
wOAFU8,Odunze,Chituru
WoDOMg,Gerbet,Joran
Wp1n0Q,Hoerner,Kenneth
WpmQaS,Celades,Albert
wPNRt1,Marques,Bruno
WQ2yma,Videira,Michael
WQDSSf,Jones,Kenwyne
wr0yGE,Santos da Silva Barbosa,Marlon
wRFCMO,Pearlman,Adam
WRyutX,Cocis,Razvan
ws2HrT,Hernandez,Daniel
WSa7c8,Loffelsend,Jasper
WsNjl7,Coulibaly,Sega
wSrCni,Angel,Tomas
WSuoEP,de Guzman,Julian
WsvaZY,Waterman,Joel
WsVj5z,Kizza,Mustafa
WSZ5VR,Osei,Emmanuel
wT3KyQ,Osorio,Jonathan
wT40mo,Jorgensen,Mathias
WT5xF4,Hack,Alexander
wtQ0dT,Rost,Frank
WTUoJE,Gardner,Joshua
wUbLIQ,Juliao,Igor
wUdjEW,Duke,Cameron
WUjqCw,Baird,Corey
Wvapab,Rios,Egidio
wvPtDv,Gonzalez,Gaston
WvsCPX,Ibeagha,Sebastien
wVWCDU,Feltscher,Rolf
ww5Rg0,Stevenson,Eric
wWIEJ4,Peay,Taylor
WwsTsH,Saravia,Rodrigo
WX1X3P,Vilsaint,Jules-Anthony
wx230h,Cufre,Braian
wXlB0K,Fontas,Andreu
wXOrTW,Brown,Deshorn
WyGWn4,Zerka,Monsef
WyoDZP,Ramirez,Anthony
Wz18Yz,Stephenson,Khari
wzbrLB,Alvarez,Yordany
wzCtQT,Seaton,Michael
wZDdFr,Lopez-Espin,Ricky
wzftES,Mannella,Chris
WZS5Ba,Daniels,Aidan
Wztbd1,Barea,Jesus
X075lQ,Aketxe Barrutia,Ager
X0hKQl,Denkey,Kevin
x38TfP,Klinsmann,Jonathan
X3GN4B,Haile-Selassie,Maren
X3RnJc,Holland,Joseph
x3vnLY,Moutinho,Joao
X5Cd7B,Chaves,Diego
x6gpeI,Norris,Nolan
X6qAWs,Anunga,Tah
X7lYmb,Hassli,Eric
x88v7K,Lopez Samaniego,Erik
X8f8y6,Saric,Martin
x8jkyb,Donovan,Landon
x94Sjd,Ferdinand,Keesean
X9jmkx,Angoua,Benjamin
X9Ye3j,Schopf,Alessandro
xA0fqp,Ibarra,Miguel
xakikZ,Alhassan,Kalif
Xb1gqJ,Pedro,Joao
xbLklC,Rothrock,Paul
xchqkg,Pavon,Carlos
XCYpGj,Giovinco,Sebastian
xdL1TD,Armstrong,David
XDuiPH,Robinson,Robbie
XDuxl4,Hamid,Bill
xdyyYq,Steele,Jonny
xejBdM,Dykstra,Andrew
XEXHi0,Soto,Josue
xf0S9s,Ortiz,Joao
XFGRNt,Shuttleworth,Bobby
xFi6wf,McFarlane,Christian
Xfi9jG,Kraus,Michael
XfURBZ,Tavares,Iuri
XFVeq8,Da Costa,David
xgAzEN,Murray,Tim
XGUMF0,Edwards,Raheem
XhlV4C,Boggs,Zak
XHT0XH,Jasson,Andres
XIT2CN,Zakuani,Steve
XiZaIV,Dodson,Derek
xj3rSl,Alberg,Roland
xjENnU,Riggs,Alex
xJSPr9,Herrera,Hector
XjWsQm,Cabrera,Victor
XKdse1,Adekugbe,Samuel
xKKKXt,Solli,Jan Gunnar
XLPDNd,Robinho,
xlSfSt,Bender,Ben
XLuXjK,Wiedeman,Andrew
xM1v5i,Alm,Rasmus
xmBqEk,Sosa,Eduardo
XMniqq,Gonzalez,Giancarlo
xMqpMN,Kwizera,Jojea
xMxr4g,Gaines,McKinze
XNayQj,White,O'Brian
xNjzrZ,N'Silu,Ange
xnlkY1,Makoun,Christian
xnXBBc,Shelton,Khiry
xnxM28,Johnson,Eddie
xO0W4G,Colyn,Simon
XO9K6a,Weigandt,Marcelo
xOablk,Dominguez,Maxime
XoeYrP,Wenger,Andrew
XOGSml,Pilcher,Ian
XoiPl6,Traore,Mohamed
xOokTC,Curtin,Jeff
Xq2uLZ,Crepeau,Maxime
Xq8SaS,Pardo,Boris
XQ9ZMa,Ivacic,Aljaz
xqn7Lz,Curtin,Jim
XQtrlL,Mulrooney,Richard
XRiTxV,Hansen,Niko
XrNUj3,Tillman,Timothy
XRqhCi,Berget,Jo Inge
xrUA61,Watson,Lance
xS1aEQ,Sutton,Greg
XsdPt9,Stefanovic,Lazar
Xsw6rZ,Harris,Wilson
xSwlh8,Marosevic,Peri
XtOOW0,Remedi,Eric
XTpgGY,Rowland,Jeff
XU0Wla,Cambridge,Brandon
xU49gu,Goncalves,Jose
XU7HbF,Nogueira,Vincent
XuJZ0n,Gutjahr,Jeremiah
xw2FLC,Escobar,Olger
XWNPcH,Fernandez,Joaquin
xWyVcm,Ambrose,Mikey
Xx7JCg,Torres,Juan Pablo
xXbNce,Elliott,Jack
xxctkF,Ejimadu,Philip
xXkH8U,Horth,Matthew
XXlE4k,Leyva,Bryan
XxLjJb,Jara,Franco
xYlMCf,Reynolds,Bryan
xyr3Om,Bustamante,Antonio
Xz0RM2,Veris,Kyle
xZJLUl,Gonzalez,Jonathan
XZJLws,Heavner,Billy
XzpbyX,Lozano,Armando
XZpUE2,Jones,Alvin
xzvhgK,Alvarez,Efrain
XzZ9K1,Samuel,Collin
y18eKu,Quinones,Nelson
y2oeAh,Yarbrough,William
y2UFDh,Argudo,Luis
Y2YMc4,Appiah,Samuel
y3zv3m,Arriola,Paul
Y4AcCD,Freeman,Alex
y5XDLi,Khmiri,Jasser
Y77Xgg,Conrad,Jimmy
Y7KVLV,Sagna,Bacary
Y96iBT,Sainte,Carl
y9djIo,Kunga,Lagos
Y9w9TJ,Sarvas,Marcelo
Y9zqMe,Williamson,Tommy
YaeC7r,Vint,Will
yAHNxT,Edelman,Daniel
YaMogq,Martinez,Alonso
yB2zJO,Fucito,Michael
yBkHid,Restrepo,Walter
YbMLZ9,Okello,Noble
YBq3qj,Donkor,Ronald
yBQIEk,Welshman,Emery
yBqiyB,Arboleda,Victor
Ycf6Uf,Bustamante,Michael
yCGdkx,Ruiz,Carlos
ycLPHc,Kronberg,Eric
YcXtxU,Seiler,Cole
yD1125,Bueno,Jesus
Yd6Dee,Bright,Yannick
yDBoID,Richmond,Will
YdDy4k,Berchimas,Nimfasha
ydt0Bd,Russolillo,Jordan
yDXP8F,Soolsma,Nick
yExAAp,Vite,Pedro
yEZsqj,Wallace,Anthony
yfr8qe,Arshakyan,David
yftAuU,Aliyu,Ibrahim
YFUU8M,Drame,Issiar
YFvg7t,Duah,Manu
yFwrTr,Keller,Kasey
yGFxqo,Thompson,Spencer
YGkqt7,Comminges,Miguel
ygoKuV,Kortkamp,Jack
yGRiWT,Raitala,Jukka
yHmc9W,Hines-Ike,Brendan
yhZphR,Paterson,Jamie
yiB8d8,Hauche,Guillermo
yInZlI,Polk,Ben
yiVXi2,Berner,John
yj3JTK,Lewis,Zeiko
yJk4nu,Claros,Jorge
YjSshJ,Alba,Jordi
yjT2EU,Shawcross,Ryan
yK8Fv9,Perlaza,Jorge
YkB1Hf,Naess,Nicolai
YKJ6Dk,Guske,Colin
YL19Fo,Mulraney,Jake
ylbzxo,Gargan,Dan
yLCusq,Ng'Anzi,Ally
YlkRHv,Onyewu,Oguchi
yLlUSA,Thornton,Zach
Yln0X2,Piol,Ariath
yLTJTi,Biuk,Stipe
yM2GFt,Burney,Leo
yM34zU,Kiesewetter,Jerome
yMPOPR,Garrido,Luis
ymvDlo,Ibarra,Romario
YN0b4u,Kikanovic,Benjamin
Yn0wnS,Tait,Joe
YNdXOw,Miller,Harbor
YnT1tF,Namli,Younes
YO5aN0,Nealis,Sean
yoGh3j,Yearwood,Dru
YoHVYa,Cheberko,Yevgen
YOJ0GD,Ricketts,Rohan
YOLF06,Sjoberg,Axel
Yp3H27,Dube,Kheli
ypMb94,Monzon,Lucas
YPmZO8,Mavinga,Chris
yPOA9e,Lopez Ramirez,Javier
yQ7DE3,Jazic,Ante
yqVFTI,Lopez,Marcos
YrdVwi,Czornomaz,Nicolas
yrEac7,Myrie,Dave
YRJd4K,Jennings,Cal
yS1bIR,Wingo,Henry
ysgHkl,Insua,Emiliano
ySGuv7,Enow,Boris
YshvbO,Roberts,Thomas
ySjAKL,Rozeboom,Lance
YSlEof,Castro,Mauricio
ySqj86,Steres,Daniel
Ysw0qL,Diskerud,Mix
ytfnRs,Finley,Ryan
yTGMNa,Datkovic,Toni
YthKDS,Negri,Franco
yTNj6c,Gleadle,Sam
YtZU6Y,Marmol,Lidor
yUiqjy,McDonald,Brandon
YUR82O,Chiellini,Giorgio
yuYUkA,Vassilev,Indiana
Yv6hqH,Fory,Jimer
yVFTz5,Forsberg,Emil
yVwNfr,Aranguiz,Pablo
Yw0oBW,McIntosh,Kendall
ywb5En,Fjeldberg,Jonas
YwDUik,Cunliffe,John
YXGL8Y,Asomani,George
Yxlbwn,Brennan,Jim
YYE4l5,Xavier,Abel
yyu59S,Tetteh,Michael
YYzI6p,Bandre,Ethan
YZSO5m,Reyna,Yordy
Z01mz1,Chanot,Maxime
Z0XgFX,Thomas,Shavar
z0ZpHb,Lima,Francisco
Z1dJA7,Soriola,Gege
z1zcdC,Saint-Duc,Steeve
z2K33q,Pappa,Marco
Z2VNyF,Rochat,Alain
Z2zxOt,Turner,Matt
Z33fQJ,Long,Aaron
Z3SBgP,Sanyang,Amadou
z4BJZr,Pajoy,Lionard
Z4Yq1H,Caso,Mike
z5aGLU,Peterson,Andrew
z716il,Van de Casteele,Grant
Z7eCUa,Friesz,Lance
z7F6iB,Parkhurst,Michael
z85apn,Drogba,Didier
Z8EDc5,Piatti,Ignacio
z9qD92,Vela,Carlos
z9vUUj,Mezquida,Nicolas
ZA3z3F,Lopez,Alexander
zafCff,Saunders,Josh
ZAuDBM,Grazier,Brian
Zav4vY,Hoffman,Chandler
zaw56g,Califf,Danny
zBHS6F,Guppy,Kevin
zBJa5X,Arreaga,Xavier
ZBXED5,Lucatero,Christian
zc3yO5,Jones,DeJuan
zcIyrn,Westberg,Quentin
zCNSsN,Williams,Sheanon
zcvXza,Ardaiz,Joaquin
zd9jsH,Musto,Tommy
zddK35,Neal,Lewis
zDtID1,Mizell,Cody
zdWtdg,Bombito,Moise
zE4TK1,Pidro,Selmir
zE7avF,Bertone,Leonardo
zeFGES,Barros Schelotto,Guillermo
zElyQd,Ruidiaz,Raul
zEXdnX,Heaps,Jay
ZeYpLR,Sene,Saer
ZF0keQ,Perez,Josh
zF1Ma9,Anibaba,Jalil
zfCYXa,Moreira,Jorge
zFev5o,Alston,Kevin
zFF6aw,Perk,Brian
zGf6wt,Franco,Alan Steven
zgfgMe,Salazar,Bryan
ZGIjH2,McCrary,Jordan
zgqDNY,Brault-Guillard,Zachary
ZH7D0t,Castanheira,Dylan
zHg5u5,Leveron,Johnny
Zhn7Ru,Kitahara,Sota
ZhPXWd,Ferreira,David
ZhzS3e,Atuahene,Francis
zia6Tz,Echeverry,Oscar
zIHZqp,Quintana,Yeferson
ZiYjbc,Farnsworth,Zack
zJ4Y3u,Garcia,Devron
Zj5EHW,Risa,Birk
ZJaV65,Holt,Erik
ZJdWmZ,McGlynn,Peter
ZjHd1j,Sulte,Hunter
ZK6djm,John,George
Zk72jU,Bissue,James
ZKd6DL,Doody,Grayson
zkYVjH,Singh,Luke
ZkzRkl,Jones,Matt
ZL3HQz,Glover,Caden
zLyUvt,Cameron,Geoff
zm7A6l,Soumare,Bakary
ZmB2OV,Ganago,Ignatius
ZmRxhS,Finlay,Ethan
zmwhuJ,Nilsson,Joakim
zMxiVf,Kovar,Aaron
ZMYyf6,Karamoko,Hakim
zND5ui,Gallacher,Tony
ZnxGFT,De Vries,Jack
zo4JVr,Melvin,Sean
zoCbps,Haji,Siad
Zoh00k,Callender,Drake
ZoRefi,McKenzie,Mark
zotGaa,Casey,Conor
zOvVRp,Bezecourt,Vincent
ZoXxJI,Hines,Sebastian
ZPBnKq,Dewsnup,Jeffrey
ZPg1QA,Skahan,Jack
zpqry4,McGlynn,Jack
zPtRAE,Bone,Corben
ZQ4bLC,Obinwa,Abuchi
zq5sME,Brook,Lachlan
zq8PtZ,Garcia,Kevin
zqED5V,Findley,Robbie
zQMDQG,Horton,Aaron
ZQNfLJ,Seitz,Chris
zRcDbc,Van Der Wiel,Gregory
zrEzuI,Olivera,Cristian
zRireD,Diani,Djibril
ZrNY2U,Haakenson,Luke
ZrVySd,Duke,Bryce
zs5448,Knutsen,Billy
ZslpYA,Baker-Whiting,Reed
ZtdPln,Leerdam,Kelvin
ztf4bI,Marie,Paul
zTPpGK,Zawadzki,Sean
ZTrnbc,Sylla,Ousmane
zTZ5d3,Surridge,Sam
ZtzObX,Omphroy,Demitrius
ZuamEc,Thompson,Kosi
ZUjMWx,Campbell,Sergio
zvEMMa,Silva,Marcelo
zvmdTS,Aremeyaw,Abasa
zvMGbh,Redondo,Federico
zvT1Pw,Ferreira,Jesus
zvuVKO,Anangono,Juan Luis
zw1ZNJ,Calvert,Caleb
ZWh1c9,Greenspan,Joseph
zwrh8H,Valentino,Rob
ZxbynD,Gray,Tayvon
zXNRGY,Braun,Justin
zxSF2m,Urzua,Alejandro
zy94xv,Rivas,Nelson
ZYbBJF,Araujo,Julian
ZYNPFP,Grazzini,Sebastian
zyPkVM,Sarkodie,Kwame
zyqc3Z,Neeley,Jack
Zzdyuo,Fonseca de Araujo Martins,Pedro Henrique
ZzmBYZ,Clark,Caden
zZXCR2,Clarke,Caleb